{"name": "33", "region": {"lon_delta": 0.1656109999999984, "center_lon": -118.17370550000001, "lat_delta": 0.32572700000000054, "center_lat": 33.8534565}, "chamber": "upper", "shape": [[[[-118.256511, 34.013602], [-118.252155, 34.013687], [-118.252152, 34.013256], [-118.248678, 34.012405], [-118.2467340000001, 34.015714], [-118.244318, 34.015071], [-118.244521, 34.014669], [-118.243235, 34.014504], [-118.243237, 34.014286], [-118.239652, 34.01632], [-118.2397080000001, 34.014713], [-118.2276990000001, 34.014829], [-118.2275010000001, 34.015281], [-118.225707, 34.015319], [-118.225696, 34.014937], [-118.223692, 34.014942], [-118.223705, 34.015363], [-118.223395, 34.015369], [-118.223232, 34.014941], [-118.217155, 34.014969], [-118.217282, 34.015636], [-118.212698, 34.014295], [-118.212701, 34.014989], [-118.208166, 34.015006], [-118.207041, 34.012777], [-118.205026, 34.012626], [-118.2050600000001, 34.014519], [-118.201606, 34.013747], [-118.192125, 34.012921], [-118.1924470000001, 34.011465], [-118.193474, 34.009516], [-118.1817980000001, 34.005567], [-118.173945, 34.001333], [-118.1741600000001, 34.000909], [-118.166589, 33.998447], [-118.1604020000001, 33.995028], [-118.15207, 33.992216], [-118.152812, 33.990696], [-118.155353, 33.991333], [-118.159241, 33.991297], [-118.160939, 33.991933], [-118.16167, 33.987268], [-118.170248, 33.988156], [-118.16906, 33.9863], [-118.1680530000001, 33.983847], [-118.167049, 33.979358], [-118.149643, 33.977653], [-118.149612, 33.976646], [-118.150231, 33.974259], [-118.13429, 33.972505], [-118.13249, 33.972648], [-118.130636, 33.973295], [-118.1294230000001, 33.970934], [-118.1325300000001, 33.970964], [-118.13452, 33.970269], [-118.135672, 33.96922], [-118.138577, 33.964593], [-118.139652, 33.963457], [-118.1537490000001, 33.955817], [-118.158604, 33.951894], [-118.156253, 33.951038], [-118.1583940000001, 33.948581], [-118.1621760000001, 33.942339], [-118.1659420000001, 33.938546], [-118.16574, 33.938443], [-118.166085, 33.93537], [-118.165081, 33.932977], [-118.164284, 33.933272], [-118.163484, 33.932892], [-118.162467, 33.930353], [-118.1624730000001, 33.929157], [-118.161541, 33.928847], [-118.1623720000001, 33.927613], [-118.164155, 33.926475], [-118.166301, 33.927513], [-118.1669710000001, 33.926878], [-118.16758, 33.928305], [-118.16828, 33.92722], [-118.167796, 33.926095], [-118.170424, 33.923608], [-118.149222, 33.913704], [-118.1535020000001, 33.907371], [-118.142932, 33.902467], [-118.142741, 33.889334], [-118.146971, 33.88931], [-118.146955, 33.879818], [-118.151294, 33.879807], [-118.1512390000001, 33.86897], [-118.133859, 33.868944], [-118.133792, 33.860284], [-118.1250900000001, 33.860319], [-118.1249830000001, 33.832437], [-118.100856, 33.832408], [-118.093356, 33.831999], [-118.091225, 33.817696], [-118.0909, 33.810432], [-118.12526, 33.810532], [-118.125312, 33.796022], [-118.1339930000001, 33.79605], [-118.134053, 33.78379], [-118.132555, 33.782587], [-118.143716, 33.782596], [-118.143712, 33.77715], [-118.145892, 33.777154], [-118.145888, 33.775321], [-118.141544, 33.775327], [-118.14156, 33.761807], [-118.145867, 33.76067], [-118.146507, 33.757908], [-118.1487850000001, 33.74394], [-118.145315, 33.73772], [-118.14974, 33.738092], [-118.1557930000001, 33.692964], [-118.16583, 33.691563], [-118.192111, 33.690593], [-118.22527600000011, 33.690595], [-118.232936, 33.714465], [-118.231803, 33.715002], [-118.248966, 33.755902], [-118.240767, 33.758296], [-118.24545, 33.763889], [-118.220669, 33.782537], [-118.225175, 33.787349], [-118.225368, 33.787178], [-118.225509, 33.787833], [-118.2276810000001, 33.789944], [-118.227512, 33.790368], [-118.225485, 33.78986], [-118.216536, 33.789853], [-118.216537, 33.791719], [-118.21545, 33.791713], [-118.215435, 33.797126], [-118.205404, 33.797219], [-118.205402, 33.818917], [-118.206031, 33.821064], [-118.206002, 33.825407], [-118.2056970000001, 33.827237], [-118.207428, 33.828476], [-118.208274, 33.829586], [-118.208779, 33.83175], [-118.208641, 33.834117], [-118.207332, 33.839419], [-118.207691, 33.839331], [-118.205912, 33.846484], [-118.206591, 33.846567], [-118.2066310000001, 33.848589], [-118.205779, 33.848832], [-118.204924, 33.85376], [-118.203119, 33.857601], [-118.202087, 33.859073], [-118.201602, 33.859094], [-118.199215, 33.862449], [-118.1984700000001, 33.85999], [-118.191232, 33.871498], [-118.190208, 33.874366], [-118.189873, 33.874367], [-118.1883430000001, 33.881453], [-118.187855, 33.881457], [-118.1874870000001, 33.883015], [-118.187183, 33.885404], [-118.188167, 33.885442], [-118.1869010000001, 33.892528], [-118.184331, 33.892552], [-118.184169, 33.889137], [-118.182402, 33.889106], [-118.1799450000001, 33.892729], [-118.181593, 33.892623], [-118.181687, 33.894265], [-118.182246, 33.894254], [-118.182306, 33.896212], [-118.185288, 33.89624], [-118.18572, 33.894741], [-118.188149, 33.894716], [-118.18695, 33.901794], [-118.186962, 33.902358], [-118.187788, 33.903614], [-118.186257, 33.904797], [-118.1865990000001, 33.905336], [-118.187048, 33.90537], [-118.186744, 33.907068], [-118.189315, 33.90734], [-118.189516, 33.906061], [-118.1901950000001, 33.9061], [-118.1901900000001, 33.905819], [-118.195792, 33.906331], [-118.19389100000011, 33.910933], [-118.195022, 33.911243], [-118.197022, 33.906378], [-118.199979, 33.906677], [-118.1984250000001, 33.91057], [-118.205827, 33.912622], [-118.206408, 33.910619], [-118.2138390000001, 33.913061], [-118.213914, 33.912645], [-118.216936, 33.912313], [-118.218356, 33.921357], [-118.219938, 33.923026], [-118.21994, 33.922301], [-118.22444, 33.9223], [-118.224578, 33.923132], [-118.228805, 33.922685], [-118.230324, 33.929001], [-118.225581, 33.929389], [-118.226772, 33.937096], [-118.228311, 33.936951], [-118.2283740000001, 33.937366], [-118.229213, 33.937331], [-118.228646, 33.939007], [-118.230165, 33.945648], [-118.2348230000001, 33.945569], [-118.234855, 33.947132], [-118.230631, 33.947234], [-118.230622, 33.948278], [-118.234026, 33.948243], [-118.233995, 33.953264], [-118.2442190000001, 33.95326], [-118.24421, 33.95427], [-118.24745, 33.954257], [-118.247485, 33.953358], [-118.2488390000001, 33.953358], [-118.249138, 33.943273], [-118.2536400000001, 33.943277], [-118.253533, 33.95126], [-118.2541, 33.951032], [-118.2559300000001, 33.95306], [-118.255899, 33.960169], [-118.2563930000001, 33.960171], [-118.256511, 34.013602]]]], "abbr": "ca", "boundary_id": "sldu/ca-33", "num_seats": 1, "id": "ca-upper-33", "bbox": [[33.690593, -118.256511], [34.01632, -118.0909]]}