{"name": "29", "region": {"lon_delta": 0.40861399999988635, "center_lon": -117.85919200000005, "lat_delta": 0.307856000000001, "center_lat": 33.927718}, "chamber": "upper", "shape": [[[[-118.063499, 33.831516], [-118.0609100000001, 33.833887], [-118.06069, 33.834555], [-118.058988, 33.835207], [-118.058918, 33.846121], [-118.054687, 33.846218], [-118.054723, 33.849821], [-118.050375, 33.849917], [-118.050402, 33.853539], [-118.046082, 33.853611], [-118.046188, 33.858768], [-118.041748, 33.858723], [-118.041884, 33.862332], [-118.0375360000001, 33.862369], [-118.037598, 33.866013], [-118.028581, 33.866246], [-118.02825, 33.83183], [-118.007708, 33.831916], [-118.007753, 33.833315], [-118.006615, 33.833337], [-118.0066280000001, 33.833782], [-118.0022450000001, 33.833866], [-118.002263, 33.835615], [-117.98617300000011, 33.835785], [-117.986162, 33.836655], [-117.98565, 33.836657], [-117.98569, 33.839457], [-117.980495, 33.839506], [-117.980499, 33.844973], [-117.97833, 33.844997], [-117.9783450000001, 33.84681], [-117.980504, 33.846796], [-117.980652, 33.854026], [-117.984867, 33.853933], [-117.98482, 33.857572], [-117.984097, 33.857188], [-117.983189, 33.857557], [-117.9850260000001, 33.858345], [-117.985094, 33.859056], [-117.984381, 33.85898], [-117.985143, 33.859249], [-117.98507, 33.86632], [-117.981952, 33.866341], [-117.982022, 33.869958], [-117.9851, 33.86994], [-117.98509, 33.87357], [-117.98652, 33.87357], [-117.98654, 33.87593], [-117.9871300000001, 33.87782], [-117.98988, 33.87787], [-117.99147, 33.87863], [-117.99228, 33.87985], [-117.99244, 33.88154], [-117.99302, 33.8826], [-117.998196, 33.886665], [-117.999354, 33.888107], [-117.994057, 33.888111], [-117.994041, 33.889709], [-117.991548, 33.892916], [-117.9890910000001, 33.894823], [-117.989095, 33.895413], [-117.985298, 33.895404], [-117.985481, 33.902769], [-117.976593, 33.90281], [-117.976498, 33.94605], [-117.9258360000001, 33.946028], [-117.916392, 33.968755], [-117.934353, 33.972935], [-117.9333960000001, 33.980012], [-117.932808, 33.979321], [-117.930917, 33.989963], [-117.931882, 33.990039], [-117.931749, 33.990977], [-117.930382, 33.991099], [-117.913959, 33.989921], [-117.912009, 33.989372], [-117.911453, 33.994122], [-117.907451, 33.99373], [-117.906681, 33.993233], [-117.906719, 33.99291], [-117.9029510000001, 33.993119], [-117.902787, 33.994582], [-117.893958, 33.994409], [-117.893624, 33.997108], [-117.888352, 33.997346], [-117.888313, 33.996312], [-117.8876810000001, 34.002874], [-117.8910400000001, 34.003416], [-117.8907640000001, 34.006398], [-117.890495, 34.006558], [-117.887289, 34.006528], [-117.8871670000001, 34.007565], [-117.882791, 34.00727], [-117.8831140000001, 34.004131], [-117.880839, 34.003954], [-117.88013, 34.011425], [-117.884499, 34.010083], [-117.886944, 34.010189], [-117.886587, 34.01361], [-117.8890320000001, 34.013618], [-117.889148, 34.01287], [-117.890318, 34.012018], [-117.890186, 34.013644], [-117.90988300000011, 34.01376], [-117.911363, 34.025092], [-117.912155, 34.026382], [-117.914277, 34.025476], [-117.917046, 34.026087], [-117.91501, 34.030923], [-117.915847, 34.032164], [-117.914794, 34.031312], [-117.913098, 34.034652], [-117.9128240000001, 34.040107], [-117.911687, 34.042254], [-117.908785, 34.045713], [-117.908063, 34.047097], [-117.907877, 34.053831], [-117.899152, 34.053745], [-117.899083, 34.057372], [-117.890226, 34.057329], [-117.8889, 34.055576], [-117.886657, 34.054132], [-117.8864350000001, 34.054404], [-117.88665, 34.05467], [-117.8847140000001, 34.055542], [-117.883101, 34.055055], [-117.882491, 34.05529], [-117.882227, 34.055812], [-117.882535, 34.056335], [-117.883972, 34.056802], [-117.884046, 34.057471], [-117.882382, 34.057593], [-117.883491, 34.058775], [-117.8804300000001, 34.05937], [-117.880173, 34.06017], [-117.878834, 34.059934], [-117.8767760000001, 34.060309], [-117.875315, 34.060198], [-117.8738910000001, 34.059397], [-117.872501, 34.057688], [-117.8723530000001, 34.057673], [-117.873019, 34.058475], [-117.871818, 34.060618], [-117.8722060000001, 34.060797], [-117.870766, 34.063236], [-117.869527, 34.062498], [-117.86852, 34.062367], [-117.868889, 34.063935], [-117.870662, 34.066828], [-117.871829, 34.068034], [-117.869881, 34.068541], [-117.867722, 34.068328], [-117.864883, 34.06892], [-117.863824, 34.067183], [-117.862444, 34.067796], [-117.861817, 34.067198], [-117.861644, 34.067417], [-117.861389, 34.066347], [-117.860233, 34.065988], [-117.85884, 34.066108], [-117.857897, 34.065698], [-117.859086, 34.068372], [-117.856183, 34.068408], [-117.856267, 34.068729], [-117.857465, 34.069194], [-117.858132, 34.070036], [-117.858357, 34.072435], [-117.859835, 34.071904], [-117.860111, 34.073731], [-117.8587610000001, 34.073809], [-117.858877, 34.074566], [-117.859174, 34.074539], [-117.859309, 34.075463], [-117.8604420000001, 34.075819], [-117.860133, 34.07616], [-117.860298, 34.078208], [-117.860996, 34.078675], [-117.8605890000001, 34.078985], [-117.86009, 34.078684], [-117.858691, 34.079123], [-117.8590820000001, 34.079477], [-117.8588330000001, 34.079963], [-117.859196, 34.08022], [-117.859093, 34.080719], [-117.857181, 34.0807], [-117.857186, 34.081636], [-117.852647, 34.081646], [-117.851929, 34.080682], [-117.853379, 34.079209], [-117.851433, 34.077498], [-117.851859, 34.076702], [-117.851263, 34.076604], [-117.850836, 34.077243], [-117.847167, 34.075521], [-117.848552, 34.074054], [-117.847224, 34.072977], [-117.847491, 34.072305], [-117.845201, 34.072685], [-117.8422630000001, 34.07202], [-117.8400550000001, 34.072161], [-117.83872, 34.071774], [-117.83679, 34.070014], [-117.835781, 34.070285], [-117.834884, 34.070121], [-117.834521, 34.069407], [-117.8337690000001, 34.068896], [-117.8337690000001, 34.067116], [-117.831648, 34.066401], [-117.82848, 34.064676], [-117.825791, 34.064028], [-117.8189220000001, 34.063656], [-117.8189610000001, 34.063398], [-117.817207, 34.063117], [-117.813623, 34.063285], [-117.811777, 34.06306], [-117.811519, 34.063375], [-117.8083500000001, 34.062912], [-117.806992, 34.061916], [-117.80547, 34.059307], [-117.807881, 34.058441], [-117.812348, 34.061275], [-117.821147, 34.055023], [-117.815786, 34.052971], [-117.8172040000001, 34.050449], [-117.820805, 34.051835], [-117.828719, 34.037627], [-117.824606, 34.037615], [-117.8251010000001, 34.036627], [-117.82481, 34.036619], [-117.825347, 34.034004], [-117.824742, 34.034003], [-117.82457, 34.033689], [-117.825001, 34.032159], [-117.823832, 34.033476], [-117.821482, 34.03121], [-117.818321, 34.034422], [-117.8107430000001, 34.029336], [-117.805719, 34.037034], [-117.802444, 34.04097], [-117.8016310000001, 34.042876], [-117.798425, 34.040842], [-117.79567, 34.038292], [-117.7924790000001, 34.037076], [-117.7851770000001, 34.032428], [-117.785173, 34.027266], [-117.767752, 34.019429], [-117.767631, 34.023509], [-117.744066, 34.019808], [-117.7374980000001, 34.014571], [-117.7328650000001, 34.011496], [-117.733971, 34.011495], [-117.725764, 34.003199], [-117.7207480000001, 33.995052], [-117.717336, 33.991182], [-117.717366, 33.989891], [-117.720858, 33.989866], [-117.7207930000001, 33.987362], [-117.720055, 33.986693], [-117.719507, 33.98623], [-117.71718, 33.986238], [-117.7172280000001, 33.987789], [-117.715068, 33.987747], [-117.715863, 33.989635], [-117.709159, 33.982727], [-117.69867, 33.982591], [-117.696802, 33.981356], [-117.6958840000001, 33.980208], [-117.695198, 33.980302], [-117.695321, 33.97943], [-117.691284, 33.97659], [-117.6885800000001, 33.973288], [-117.684106, 33.968846], [-117.6763600000001, 33.960357], [-117.673807, 33.957432], [-117.672409, 33.955249], [-117.669104, 33.952137], [-117.666502, 33.948985], [-117.67191, 33.947509], [-117.674634, 33.947795], [-117.672349, 33.94468], [-117.6621910000001, 33.933768], [-117.661362, 33.933284], [-117.659587, 33.931352], [-117.6599690000001, 33.931254], [-117.655375, 33.924343], [-117.6548850000001, 33.888815], [-117.676286, 33.888815], [-117.6727860000001, 33.886915], 