{"name": "13", "region": {"lon_delta": 0.6057370000000049, "center_lon": -122.2853085, "lat_delta": 0.654473000000003, "center_lat": 37.3810945}, "chamber": "upper", "shape": [[[[-122.588177, 37.579408], [-122.5864540000001, 37.592529], [-122.57956, 37.611484], [-122.5674970000001, 37.639185], [-122.570474, 37.665333], [-122.4957500000001, 37.665625], [-122.495093, 37.664368], [-122.493642, 37.664413], [-122.4917640000001, 37.662322], [-122.489822, 37.661131], [-122.488221, 37.661018], [-122.485597, 37.661677], [-122.4857250000001, 37.664311], [-122.485016, 37.664289], [-122.4853200000001, 37.665667], [-122.4851460000001, 37.666845], [-122.483003, 37.666794], [-122.481598, 37.666134], [-122.476365, 37.661418], [-122.4713380000001, 37.653036], [-122.4712810000001, 37.651942], [-122.471864, 37.64914], [-122.468508, 37.643657], [-122.4641320000001, 37.638791], [-122.463014, 37.639463], [-122.463501, 37.641482], [-122.462561, 37.642568], [-122.45893, 37.643481], [-122.455744, 37.642614], [-122.4547340000001, 37.642614], [-122.4503660000001, 37.644492], [-122.44946, 37.645153], [-122.4523870000001, 37.649649], [-122.450394, 37.648505], [-122.452868, 37.654131], [-122.4529990000001, 37.654619], [-122.452318, 37.654942], [-122.453927, 37.657716], [-122.4530550000001, 37.657815], [-122.4526060000001, 37.658748], [-122.450251, 37.660895], [-122.4521670000001, 37.662077], [-122.4503600000001, 37.663745], [-122.449762, 37.66411], [-122.448809, 37.663487], [-122.448455, 37.663901], [-122.4461960000001, 37.66342], [-122.445836, 37.664416], [-122.444615, 37.665485], [-122.442727, 37.66422], [-122.4395420000001, 37.666907], [-122.435586, 37.663959], [-122.4347080000001, 37.662474], [-122.433037, 37.661324], [-122.433566, 37.65988], [-122.43014600000011, 37.659594], [-122.427449, 37.667195], [-122.426021, 37.667035], [-122.425143, 37.667654], [-122.425647, 37.668149], [-122.425432, 37.669684], [-122.423969, 37.671901], [-122.4216920000001, 37.671198], [-122.419357, 37.671081], [-122.41877, 37.672266], [-122.417748, 37.673132], [-122.417586, 37.672825], [-122.415265, 37.672267], [-122.4183510000001, 37.67418], [-122.420335, 37.674554], [-122.422586, 37.675632], [-122.42403, 37.676925], [-122.4245030000001, 37.678283], [-122.424049, 37.679091], [-122.425332, 37.679581], [-122.4255390000001, 37.680182], [-122.426543, 37.680295], [-122.427104, 37.680891], [-122.428039, 37.68114], [-122.429172, 37.68297], [-122.429383, 37.682133], [-122.453907, 37.692781], [-122.45477, 37.692338], [-122.456278, 37.693351], [-122.4512730000001, 37.697069], [-122.45033, 37.698394], [-122.4498200000001, 37.700686], [-122.449011, 37.701401], [-122.447607, 37.701469], [-122.440407, 37.698796], [-122.437048, 37.696802], [-122.4342510000001, 37.695751], [-122.432673, 37.696015], [-122.431515, 37.697933], [-122.430446, 37.698386], [-122.429566, 37.698167], [-122.426352, 37.695932], [-122.425147, 37.695675], [-122.4237070000001, 37.696206], [-122.4219020000001, 37.698532], [-122.420645, 37.699282], [-122.419575, 37.699235], [-122.414018, 37.697696], [-122.4127990000001, 37.697719], [-122.413812, 37.698242], [-122.413573, 37.698697], [-122.412387, 37.698612], [-122.412104, 37.699119], [-122.412337, 37.699162], [-122.411276, 37.701227], [-122.412162, 37.701528], [-122.4103070000001, 37.705576], [-122.406831, 37.704598], [-122.40529, 37.708264], [-122.404682, 37.708331], [-122.28178, 37.70823], [-122.2519790000001, 37.672431], [-122.1866760000001, 37.592734], [-122.149175, 37.545835], [-122.109574, 37.497637], [-122.0814730000001, 37.477838], [-122.052648, 37.459656], [-122.051244, 37.459007], [-122.04897, 37.4589], [-122.0478250000001, 37.459007], [-122.045271, 37.460276], [-122.045672, 37.449025], [-122.045572, 37.443239], [-121.995655, 37.417313], [-121.994676, 37.416939], [-121.98687100000011, 37.416927], [-121.986705, 37.404636], [-121.987117, 37.402817], [-121.986969, 37.37758], [-122.00201, 37.37737], [-122.004415, 37.376705], [-122.0054030000001, 37.373828], [-121.98244, 37.37401], [-121.982571, 37.370478], [-121.99610000000011, 37.370531], [-121.99583, 37.36999], [-121.995838, 37.360695], [-121.999615, 37.360606], [-121.999608, 37.359514], [-122.000552, 37.359503], [-122.000569, 37.354115], [-122.001597, 37.354089], [-122.001736, 37.352146], [-122.00097, 37.35216], [-122.0009770000001, 37.353041], [-122.000471, 37.353042], [-122.000375, 37.348707], [-121.999905, 37.348717], [-121.99989, 37.347154], [-122.0002020000001, 37.34715], [-122.000217, 37.345244], [-122.003001, 37.345311], [-122.002888, 37.341392], [-121.9956080000001, 37.341463], [-121.9955400000001, 37.33787], [-122.0164330000001, 37.337726], [-122.01645500000011, 37.333143], [-122.02014, 37.333363], [-122.02017, 37.336941], [-122.01977, 37.336941], [-122.019764, 37.337704], [-122.0216340000001, 37.337696], [-122.021621, 37.337087], [-122.022137, 37.337083], [-122.022471, 37.337693], [-122.0304370000001, 37.337631], [-122.030436, 37.338218], [-122.03239, 37.338147], [-122.032396, 37.33961], [-122.036739, 37.339543], [-122.0367300000001, 37.33757], [-122.043972, 37.337552], [-122.043929, 37.334204], [-122.044826, 37.3342], [-122.044692, 37.337546], [-122.050999, 37.33754], [-122.05076, 37.336679], [-122.0514100000001, 37.33421], [-122.0491540000001, 37.333676], [-122.050362, 37.33206], [-122.0507910000001, 37.331924], [-122.051341, 37.329976], [-122.053551, 37.3299], [-122.056738, 37.331464], [-122.056698, 37.334029], [-122.0583000000001, 37.33523], [-122.05854, 37.33661], [-122.05807, 37.33682], [-122.05807, 37.3372], [-122.058998, 37.337435], [-122.0589810000001, 37.337656], [-122.0579000000001, 37.33762], [-122.05919, 37.33823], [-122.0593900000001, 37.33914], [-122.0596900000001, 37.33743], [-122.06670000000011, 37.33752], [-122.065466, 37.336561], [-122.0646590000001, 37.336542], [-122.064646, 37.335313], [-122.065101, 37.335293], [-122.0643620000001, 37.334709], [-122.0646320000001, 37.334482], [-122.067351, 37.335793], [-122.067974, 37.335792], [-122.068689, 37.333693], [-122.06927, 37.33006], [-122.071637, 37.331325], [-122.072578, 37.331408], [-122.073476, 37.332245], [-122.074091, 37.331964], [-122.075232, 37.33276], [-122.07941, 37.33438], [-122.08470000000011, 37.33791], [-122.089656, 37.340627], [-122.08998, 37.33991], [-122.0905800000001, 37.33975], [-122.09101, 37.33646], [-122.089768, 37.335862], [-122.087227, 37.333209], [-122.08687, 37.333407], [-122.087295, 37.333875], [-122.086238, 37.334038], [-122.0849910000001, 37.331308], [-122.083317, 37.331708], [-122.08275, 37.330927], [-122.0894210000001, 37.32671], [-122.088807, 37.326205], [-122.08627, 37.325572], [-122.081502, 37.323742], [-122.078128, 37.323168], [-122.0797100000001, 37.32258], [-122.079308, 37.322243], [-122.081372, 37.320542], [-122.077583, 37.317181], [-122.077583, 37.315334], [-122.0861720000001, 37.315242], [-122.086272, 37.308542], [-122.077585, 37.308646], [-122.077583, 37.308066], [-122.091173, 37.307842], [-122.091073, 37.300942], [-122.0792720000001, 37.300742], [-122.0764230000001, 37.300952], [-122.076713, 37.300815], [-122.06867, 37.300543], [-122.068684, 37.296148], [-122.0671880000001, 37.295237], [-122.067183, 37.294434], [-122.06866, 37.294386], [-122.068672, 37.278643], [-122.068072, 37.278943], [-122.0637710000001, 37.278543], [-122.063682, 37.280945], [-122.059273, 37.27846], [-122.059394, 37.272771], [-122.05976, 37.27274], [-122.05961, 37.27219], [-122.0601460000001, 37.271686], [-122.059508, 37.271588], [-122.059699, 37.26887], [-122.060421, 37.268598], [-122.061071, 37.268843], [-122.0614800000001, 37.26795], [-122.062402, 37.268753], [-122.066441, 37.269373], [-122.0655260000001, 37.268561], [-122.06469, 37.268486], [-122.06385, 37.26694], [-122.06507, 37.26536], [-122.06683, 37.2656], [-122.06755, 37.26541], [-122.06724, 37.26591], [-122.06748, 37.266], [-122.06791, 37.265862], [-122.0679130000001, 37.265401], [-122.081552, 37.265456], [-122.081591, 37.270829], [-122.08757, 37.27082], [-122.08987, 37.26904], [-122.09218, 