{"name": "34", "region": {"lon_delta": 0.3255480000000972, "center_lon": -117.99301900000006, "lat_delta": 0.20649699999999882, "center_lat": 33.7392105}, "chamber": "upper", "shape": [[[[-118.154276, 33.703539], [-118.14974, 33.738092], [-118.145315, 33.73772], [-118.1487850000001, 33.74394], [-118.146507, 33.757908], [-118.145867, 33.76067], [-118.14156, 33.761807], [-118.141544, 33.775327], [-118.145888, 33.775321], [-118.145892, 33.777154], [-118.143712, 33.77715], [-118.143716, 33.782596], [-118.132555, 33.782587], [-118.134053, 33.78379], [-118.1339930000001, 33.79605], [-118.125312, 33.796022], [-118.12526, 33.810532], [-118.0909, 33.810432], [-118.091225, 33.817696], [-118.093241, 33.831297], [-118.081812, 33.83126], [-118.081793, 33.830874], [-118.082426, 33.830601], [-118.082792, 33.829798], [-118.081703, 33.825083], [-118.074676, 33.823008], [-118.07468, 33.823438], [-118.072497, 33.823468], [-118.071804, 33.82321], [-118.071826, 33.823974], [-118.068721, 33.82402], [-118.068868, 33.822171], [-118.066627, 33.822199], [-118.065911, 33.824072], [-118.063268, 33.82422], [-118.06299, 33.810435], [-118.054468, 33.810466], [-118.05445, 33.80315], [-118.03709, 33.80305], [-118.036955, 33.800551], [-118.032466, 33.800537], [-118.032132, 33.797478], [-118.032539, 33.795518], [-118.034723, 33.795431], [-118.034866, 33.794506], [-118.03748, 33.794622], [-118.03711, 33.792097], [-118.011085, 33.791998], [-118.0110480000001, 33.799187], [-118.001651, 33.799233], [-118.001557, 33.791532], [-117.999137, 33.791572], [-117.999088, 33.788338], [-117.99433, 33.788365], [-117.99436, 33.786237], [-117.992912, 33.78627], [-117.992894, 33.784725], [-117.996605, 33.784634], [-117.996619, 33.787891], [-117.999079, 33.787905], [-117.9989070000001, 33.774832], [-117.992791, 33.774822], [-117.99278100000011, 33.77379], [-117.9883020000001, 33.773819], [-117.988355, 33.781131], [-117.990314, 33.78112], [-117.989887, 33.781802], [-117.989384, 33.781829], [-117.989402, 33.783643], [-117.988497, 33.783696], [-117.9885150000001, 33.782102], [-117.986037, 33.782194], [-117.986012, 33.784811], [-117.984085, 33.784788], [-117.984119, 33.787742], [-117.9823, 33.787622], [-117.982288, 33.788434], [-117.986612, 33.788409], [-117.984141, 33.789759], [-117.984209, 33.795691], [-117.988556, 33.795667], [-117.988684, 33.800437], [-117.984435, 33.800511], [-117.9844580000001, 33.802984], [-117.9729140000001, 33.803073], [-117.972885, 33.804095], [-117.97242, 33.804275], [-117.973, 33.804269], [-117.972961, 33.805233], [-117.97348, 33.805254], [-117.973486, 33.805667], [-117.9720530000001, 33.80569], [-117.972012, 33.803076], [-117.941417, 33.803154], [-117.941373, 33.800434], [-117.937056, 33.80047], [-117.937056, 33.798646], [-117.9413440000001, 33.798634], [-117.941242, 33.792296], [-117.934724, 33.792333], [-117.934746, 33.794399], [-117.93257, 33.794416], [-117.932594, 33.795977], [-117.928233, 33.796015], [-117.9282800000001, 33.798782], [-117.9239170000001, 33.798781], [-117.923991, 33.803019], [-117.928351, 33.803269], [-117.928429, 33.818033], [-117.917866, 33.818074], [-117.92196, 33.822039], [-117.926963, 33.827746], [-117.918088, 33.829812], [-117.920971, 33.838558], [-117.904099, 33.842459], [-117.902654, 33.838084], [-117.892305, 33.840238], [-117.889922, 33.840098], [-117.875883, 33.83774], [-117.876146, 33.818348], [-117.876778, 33.815601], [-117.87960100000011, 33.807964], [-117.880012, 33.80601], [-117.879945, 33.804255], [-117.879423, 33.802888], [-117.8769110000001, 33.802185], [-117.87798, 33.800148], [-117.877421, 33.798734], [-117.8770640000001, 33.79614], [-117.876586, 33.795776], [-117.877775, 33.795774], [-117.879761, 33.79099], [-117.879814, 33.784445], [-117.87921, 33.782756], [-117.878563, 33.781974], [-117.8751900000001, 33.779731], [-117.871957, 33.778511], [-117.8721220000001, 33.778268], [-117.867293, 33.778169], [-117.86731, 33.775707], [-117.859581, 33.77595], [-117.857394, 33.777189], [-117.853128, 33.775159], [-117.849163, 33.774871], [-117.848011, 33.775059], [-117.847859, 33.775668], [-117.844434, 33.776794], [-117.840784, 33.776946], [-117.840505, 33.776444], [-117.837532, 33.776192], [-117.835741, 33.775505], [-117.835742, 33.775108], [-117.839316, 33.774888], [-117.839385, 33.773252], [-117.831521, 33.773262], [-117.831524, 33.761216], [-117.831384, 33.759861], [-117.830245, 33.759854], [-117.830326, 33.758123], [-117.831099, 33.756256], [-117.8313940000001, 33.750038], [-117.831854, 33.750036], [-117.831935, 33.747378], [-117.834131, 33.747327], [-117.83413, 33.745993], [-117.83504, 33.745987], [-117.835037, 33.745602], [-117.83412, 33.74561], [-117.834106, 33.744397], [-117.833759, 33.744358], [-117.833617, 33.743562], [-117.8373260000001, 33.743536], [-117.83729, 33.74204], [-117.840304, 33.743475], [-117.83986, 33.74201], [-117.84378, 33.74196], [-117.843942, 33.738572], [-117.842118, 33.738576], [-117.84204, 33.736564], [-117.842412, 33.736527], [-117.842514, 33.73377], [-117.83353, 33.73384], [-117.8340390000001, 33.727609], [-117.834549, 33.726566], [-117.834268, 33.726215], [-117.83849, 33.721278], [-117.844375, 33.715406], [-117.84195, 33.71424], [-117.83764, 33.71126], [-117.848728, 33.700077], [-117.855399, 33.704674], [-117.860036, 33.699355], [-117.86031, 33.69839], [-117.85922, 33.69702], [-117.85978, 33.69724], [-117.8618840000001, 33.697049], [-117.862758, 33.696057], [-117.8637090000001, 33.695805], [-117.86753, 33.691631], [-117.86809, 33.69271], [-117.86822, 33.69408], [-117.8921600000001, 33.69412], [-117.89217, 33.69652], [-117.904498, 33.69629], [-117.907827, 33.696071], [-117.9078300000001, 33.69568], [-117.91958, 33.69559], [-117.91966, 33.70195], [-117.930693, 33.701862], [-117.934796, 33.695385], [-117.93951200000011, 33.687083], [-117.94044, 33.68681], [-117.98012, 33.686783], [-117.98035, 33.70121], [-118.00163, 33.7011], [-118.0032000000001, 33.70057], [-118.00401, 33.7012], [-118.00648, 33.70102], [-118.00642, 33.69739], [-118.00845, 33.69734], [-118.00851, 33.69659], [-118.015032, 33.697017], [-118.01485, 33.68655], [-118.0188600000001, 33.68707], [-118.0229, 33.68382], [-118.0309400000001, 33.68107], [-118.03218, 33.68018], [-118.032133, 33.679231], [-118.034286, 33.671683], [-118.07034, 33.635962], [-118.075074, 33.639606], [-118.096473, 33.653651], [-118.1074780000001, 33.668778], [-118.1259, 33.697151], [-118.1557930000001, 33.692964], [-118.154276, 33.703539]]]], "abbr": "ca", "boundary_id": "sldu/ca-34", "num_seats": 1, "id": "ca-upper-34", "bbox": [[33.635962, -118.1557930000001], [33.842459, -117.830245]]}