{"name": "10", "region": {"lon_delta": 0.43020300000010536, "center_lon": -122.00403650000004, "lat_delta": 0.47924400000000134, "center_lat": 37.562572}, "chamber": "upper", "shape": [[[[-122.2191380000001, 37.632226], [-122.1921690000001, 37.656224], [-122.17827, 37.669308], [-122.170919, 37.669479], [-122.171014, 37.666759], [-122.165519, 37.666758], [-122.1624510000001, 37.66734], [-122.158066, 37.669801], [-122.157818, 37.669444], [-122.15232, 37.672564], [-122.154719, 37.675163], [-122.144578, 37.679533], [-122.144078, 37.681571], [-122.141928, 37.682658], [-122.1402190000001, 37.684295], [-122.138456, 37.684745], [-122.134204, 37.684358], [-122.133472, 37.684528], [-122.133077, 37.684978], [-122.131425, 37.685098], [-122.129954, 37.684439], [-122.129, 37.684386], [-122.132347, 37.686709], [-122.1301040000001, 37.686737], [-122.1301310000001, 37.69112], [-122.128145, 37.69106], [-122.1423810000001, 37.703541], [-122.144077, 37.706209], [-122.137721, 37.711748], [-122.138776, 37.712484], [-122.138171, 37.713027], [-122.137783, 37.712864], [-122.137215, 37.713324], [-122.132165, 37.709803], [-122.12973, 37.712021], [-122.128515, 37.712214], [-122.1309320000001, 37.714604], [-122.124002, 37.716633], [-122.125042, 37.718988], [-122.1236930000001, 37.719297], [-122.127391, 37.729686], [-122.124121, 37.729007], [-122.122002, 37.730078], [-122.12112, 37.729725], [-122.119475, 37.729929], [-122.1171750000001, 37.725529], [-122.111875, 37.723029], [-122.106575, 37.719329], [-122.103374, 37.721529], [-122.103575, 37.723929], [-122.100574, 37.726029], [-122.096874, 37.725229], [-122.093974, 37.727229], [-122.0914870000001, 37.728109], [-122.0891890000001, 37.728467], [-122.086743, 37.727709], [-122.087649, 37.73017], [-122.087194, 37.731329], [-122.095943, 37.727982], [-122.0964040000001, 37.728433], [-122.0755330000001, 37.737926], [-122.074733, 37.738799], [-122.074193, 37.740719], [-122.075484, 37.744334], [-122.074687, 37.745448], [-122.074632, 37.746161], [-122.076549, 37.747697], [-122.080424, 37.749465], [-122.088764, 37.756321], [-122.089591, 37.757652], [-122.089553, 37.759477], [-122.089869, 37.760665], [-122.090627, 37.761851], [-122.090701, 37.76306], [-122.091977, 37.764462], [-122.092053, 37.764971], [-122.0934740000001, 37.764828], [-122.094072, 37.764331], [-122.092373, 37.768411], [-122.0917570000001, 37.768648], [-122.091471, 37.769287], [-122.09178, 37.770152], [-122.091016, 37.770231], [-122.090866, 37.771206], [-122.0900440000001, 37.770937], [-122.089446, 37.772047], [-122.091193, 37.773895], [-122.09198, 37.776001], [-122.092925, 37.776369], [-122.093245, 37.776812], [-122.092839, 37.7774], [-122.093238, 37.77813], [-122.0923420000001, 37.778723], [-122.092189, 37.779628], [-122.092785, 37.781273], [-122.094393, 37.782192], [-122.096993, 37.78238], [-122.093843, 37.783804], [-122.0933440000001, 37.786343], [-122.093798, 37.787424], [-122.092955, 37.788238], [-122.0933840000001, 37.788837], [-122.093039, 37.789549], [-122.093431, 37.789697], [-122.093895, 37.788746], [-122.094652, 37.788627], [-122.094925, 37.788107], [-122.0956740000001, 37.789887], [-122.0961130000001, 37.789944], [-122.096059, 37.789316], [-122.096443, 37.789211], [-122.099391, 37.792233], [-122.100411, 37.793938], [-122.102773, 37.795575], [-122.102521, 37.796261], [-122.103046, 37.79732], [-122.101225, 37.798449], [-122.103668, 37.799538], [-122.10364, 37.799907], [-122.104186, 37.800159], [-122.104845, 37.801477], [-122.106302, 37.802194], [-122.0454730000001, 37.798126], [-122.030472, 37.787727], [-122.021972, 37.784227], [-122.017772, 37.781227], [-122.014072, 37.780227], [-121.9977710000001, 37.763227], [-122.0107710000001, 37.755127], [-122.011371, 37.754028], [-122.011771, 37.747428], [-122.001071, 37.739028], [-121.993571, 37.738128], [-121.989971, 37.733628], [-121.983468, 37.730864], [-121.9776030000001, 37.729497], [-121.97407, 37.729428], [-121.97247, 37.728528], [-121.96077, 37.718629], [-121.9554750000001, 37.719811], [-121.950858, 37.716862], [-121.951134, 37.715436], [-121.952906, 37.715844], [-121.953577, 37.714018], [-121.953056, 37.713148], [-121.950991, 37.712717], [-121.951112, 37.712345], [-121.954383, 37.710678], [-121.9526730000001, 37.709173], [-121.9529390000001, 37.707561], [-121.955632, 37.708437], [-121.956104, 37.708106], [-121.9588260000001, 37.709482], [-121.960193, 37.710552], [-121.9602170000001, 37.708085], [-121.960946, 37.707751], [-121.963712, 37.708002], [-121.96872, 37.710034], [-121.988451, 37.710569], [-121.9886520000001, 37.700308], [-121.9731450000001, 37.697746], [-121.969426, 37.697403], [-121.965469, 37.697485], [-121.958469, 37.698552], [-121.956222, 37.698612], [-121.95641, 37.697572], [-121.954693, 37.696595], [-121.9484860000001, 37.694806], [-121.94746, 37.694773], [-121.951049, 37.690682], [-121.9509500000001, 37.687593], [-121.942555, 37.687414], [-121.942501, 37.683161], [-121.941199, 37.683208], [-121.94123, 37.679355], [-121.935991, 37.678014], [-121.932955, 37.676403], [-121.932171, 37.676888], [-121.9312060000001, 37.676401], [-121.931081, 37.664246], [-121.924621, 37.664229], [-121.9248750000001, 37.662531], [-121.924269, 37.657231], [-121.925169, 37.656931], [-121.923369, 37.652031], [-121.922869, 37.651431], [-121.922069, 37.651331], [-121.922869, 37.650931], [-121.9227690000001, 37.649831], [-121.9342960000001, 37.649833], [-121.935378, 37.650538], [-121.9362660000001, 37.650142], [-121.948119, 37.650584], [-121.946676, 37.649764], [-121.9458, 37.648929], [-121.945703, 37.648185], [-121.945139, 37.647427], [-121.9426670000001, 37.645675], [-121.948809, 37.643386], [-121.948738, 37.642514], [-121.949583, 37.641846], [-121.949372, 37.641115], [-121.950565, 37.638983], [-121.950721, 37.637906], [-121.951339, 37.63768], [-121.95162, 37.638333], [-121.95213, 37.637886], [-121.952233, 37.638324], [-121.952564, 37.638098], [-121.952676, 37.638912], [-121.953111, 37.639082], [-121.952924, 37.634894], [-121.953378, 37.63489], [-121.953965, 37.635512], [-121.954435, 37.635446], [-121.952805, 37.633435], [-121.95173, 37.633146], [-121.95118, 37.632181], [-121.9494490000001, 37.631201], [-121.9490700000001, 37.630332], [-121.947365, 37.629913], [-121.94599, 37.628967], [-121.945842, 37.628454], [-121.943857, 37.626413], [-121.9439480000001, 37.625609], [-121.943257, 37.624172], [-121.943818, 37.619711], [-121.9434590000001, 37.618415], [-121.945101, 37.616631], [-121.9441620000001, 37.615075], [-121.943527, 37.614742], [-121.9421590000001, 37.614775], [-121.9409550000001, 37.613708], [-121.941364, 37.611252], [-121.942286, 37.611203], [-121.942517, 37.610283], [-121.943939, 37.610104], [-121.945305, 37.609369], [-121.945545, 37.606696], [-121.948165, 37.603827], [-121.9482720000001, 37.603121], [-121.947815, 37.601225], [-121.9458740000001, 37.598134], [-121.9470110000001, 37.597896], [-121.94417, 37.59785], [-121.940891, 37.59948], [-121.938936, 37.599434], [-121.937933, 37.598901], [-121.937187, 37.597958], [-121.937163, 37.595002], [-121.936386, 37.592864], [-121.935552, 37.592315], [-121.934577, 37.592163], [-121.932784, 37.592896], [-121.932767, 37.591732], [-121.930468, 37.585868], [-121.9291680000001, 37.585774], [-121.929968, 37.584781], [-121.926968, 37.581904], [-121.928569, 37.580714], [-121.927569, 37.579622], [-121.929737, 37.578755], [-121.929928, 37.577629], [-121.9312000000001, 37.576054], [-121.932351, 37.576397], [-121.933169, 37.576034], [-121.932369, 37.574834], [-121.932716, 37.574119], [-121.9321460000001, 37.573315], [-121.925221, 37.571212], [-121.923513, 37.569691], [-121.923149, 37.568222], [-121.919429, 37.567686], [-121.9189590000001, 37.565943], [-121.9191940000001, 37.561478], [-121.923641, 37.559913], [-121.924834, 37.557246], [-121.923722, 37.557433], [-121.922906, 37.559663], [-121.919915, 37.560201], [-121.920051, 37.560939], [-121.9180020000001, 37.56124], [-121.917902, 37.560564], [-121.915968, 37.560873], [-121.915773, 37.555392], [-121.909657, 37.554242], [-121.907135, 