{"name": "6", "region": {"lon_delta": 0.3776229999999998, "center_lon": -121.4453465, "lat_delta": 0.37503300000000195, "center_lat": 38.5488845}, "chamber": "upper", "shape": [[[[-121.634158, 38.689843], [-121.633614, 38.692291], [-121.632446, 38.695043], [-121.630446, 38.697571], [-121.620782, 38.70405], [-121.614222, 38.709041], [-121.60843, 38.714608], [-121.606542, 38.717136], [-121.605278, 38.719519], [-121.60395, 38.731854], [-121.602894, 38.735838], [-121.567515, 38.735789], [-121.559868, 38.736302], [-121.521767, 38.736401], [-121.4896760000001, 38.735001], [-121.489267, 38.73403], [-121.477105, 38.669996], [-121.4661030000001, 38.669899], [-121.4661040000001, 38.669553], [-121.456865, 38.669433], [-121.456346, 38.669116], [-121.417368, 38.668993], [-121.417483, 38.674383], [-121.415288, 38.674379], [-121.414949, 38.67372], [-121.412448, 38.673525], [-121.4106570000001, 38.67252], [-121.4106600000001, 38.671533], [-121.405866, 38.670605], [-121.405555, 38.672309], [-121.4036880000001, 38.672606], [-121.403563, 38.673368], [-121.403763, 38.683298], [-121.405999, 38.683356], [-121.405983, 38.690593], [-121.395969, 38.690481], [-121.396118, 38.683217], [-121.396339, 38.68322], [-121.396402, 38.682243], [-121.3945700000001, 38.682243], [-121.3945960000001, 38.679653], [-121.393972, 38.679643], [-121.3940240000001, 38.679243], [-121.392157, 38.679244], [-121.392169, 38.675927], [-121.3828960000001, 38.6758], [-121.3828900000001, 38.673838], [-121.376857, 38.673776], [-121.372578, 38.674374], [-121.369598, 38.67434], [-121.369801, 38.672474], [-121.373236, 38.66928], [-121.374384, 38.669179], [-121.374382, 38.668435], [-121.338434, 38.668009], [-121.33811, 38.667789], [-121.3366910000001, 38.667989], [-121.336703, 38.662384], [-121.337281, 38.66073], [-121.335942, 38.660717], [-121.336236, 38.658288], [-121.337152, 38.657241], [-121.337112, 38.656327], [-121.337836, 38.655444], [-121.341986, 38.65326], [-121.342608, 38.65133], [-121.3413730000001, 38.649698], [-121.3418980000001, 38.64839], [-121.3428580000001, 38.647851], [-121.343436, 38.646885], [-121.344449, 38.646637], [-121.3459330000001, 38.645476], [-121.3460740000001, 38.59747], [-121.345787, 38.596891], [-121.34494, 38.596396], [-121.3522210000001, 38.588475], [-121.348901, 38.585229], [-121.3485340000001, 38.584184], [-121.3483590000001, 38.581583], [-121.3462870000001, 38.577748], [-121.345045, 38.578303], [-121.3280780000001, 38.580093], [-121.327813, 38.579914], [-121.327809, 38.578952], [-121.327353, 38.578841], [-121.32736, 38.577006], [-121.336474, 38.572471], [-121.336195, 38.553722], [-121.33497, 38.547709], [-121.334934, 38.529004], [-121.272419, 38.512308], [-121.260975, 38.509903], [-121.260702, 38.472337], [-121.256535, 38.472284], [-121.276374, 38.453231], [-121.27782, 38.451211], [-121.283537, 38.446127], [-121.280198, 38.444427], [-121.28132, 38.443764], [-121.281588, 38.44393], [-121.28358, 38.441976], [-121.284117, 38.442368], [-121.2848460000001, 38.441675], [-121.28208000000011, 38.439947], [-121.27878, 38.442956], [-121.277007, 38.441929], [-121.2808610000001, 38.438188], [-121.274837, 38.434124], [-121.269025, 38.431044], [-121.269631, 38.430187], [-121.269809, 38.428807], [-121.2729800000001, 38.430679], [-121.276463, 38.427357], [-121.279022, 38.428939], [-121.2829150000001, 38.425878], [-121.284044, 38.426631], [-121.285681, 38.425065], [-121.285784, 38.42465], [-121.284926, 38.42396], [-121.286655, 38.422085], [-121.2854370000001, 38.420981], [-121.285735, 38.420718], [-121.297669, 38.428912], [-121.3020640000001, 38.424546], [-121.29911, 38.422567], [-121.302533, 38.42027], [-121.298865, 38.417779], [-121.301302, 38.414947], [-121.303214, 38.413272], [-121.305217, 38.412286], [-121.314448, 38.418672], [-121.3524610000001, 38.38288], [-121.354275, 38.381513], [-121.346814, 38.361368], [-121.358469, 38.372708], [-121.417575, 38.372256], [-121.4173830000001, 38.379496], [-121.445261, 38.379302], [-121.4450350000001, 38.372489], [-121.4501630000001, 38.372303], [-121.450528, 38.375461], [-121.450122, 38.37564], [-121.450591, 38.379246], [-121.451157, 38.379237], [-121.454608, 38.408661], [-121.457703, 38.40865], [-121.464415, 38.400539], [-121.4651250000001, 38.399216], [-121.467701, 38.397065], [-121.468729, 38.395675], [-121.468531, 38.393727], [-121.470752, 38.392764], [-121.472393, 38.391193], [-121.4726280000001, 38.391188], [-121.47312600000011, 38.394588], [-121.477433, 38.394219], [-121.477604, 38.394862], [-121.4809800000001, 38.394412], [-121.488365, 38.430008], [-121.457118, 38.42995], [-121.457618, 38.434201], [-121.446304, 38.434174], [-121.444659, 38.444607], [-121.444785, 38.451324], [-121.445585, 38.455679], [-121.448675, 38.45558], [-121.4486650000001, 38.452573], [-121.454348, 38.452311], [-121.453029, 38.457611], [-121.4459090000001, 38.457307], [-121.446238, 38.458975], [-121.4520640000001, 38.459208], [-121.451826, 38.459851], [-121.4525500000001, 38.460345], [-121.4581770000001, 38.462018], [-121.460651, 38.461372], [-121.460892, 38.462332], [-121.461311, 38.462307], [-121.461057, 38.457906], [-121.4643640000001, 38.458808], [-121.4686640000001, 38.459008], [-121.4755310000001, 38.458732], [-121.476665, 38.458388], [-121.478616, 38.457151], [-121.479176, 38.455982], [-121.479364, 38.454464], [-121.4825840000001, 38.454888], [-121.4826740000001, 38.456896], [-121.493466, 38.455297], [-121.494262, 38.457331], [-121.4994820000001, 38.456881], [-121.499491, 38.45774], [-121.5008650000001, 38.457603], [-121.5015590000001, 38.460695], [-121.500597, 38.460826], [-121.500665, 38.461186], [-121.501693, 38.461204], [-121.501777, 38.461522], [-121.501375, 38.46156], [-121.5021140000001, 38.465411], [-121.501826, 38.465462], [-121.501875, 38.465705], [-121.5028350000001, 38.465555], [-121.503287, 38.470135], [-121.50368, 38.469835], [-121.505168, 38.469807], [-121.508867, 38.472809], [-121.538766, 38.474707], [-121.543083, 38.477356], [-121.54474, 38.47917], [-121.547467, 38.481207], [-121.5591670000001, 38.498007], [-121.558069, 38.501876], [-121.570012, 38.503206], [-121.582151, 38.504972], [-121.582528, 38.505417], [-121.582221, 38.502688], [-121.58768, 38.502708], [-121.5883450000001, 38.515465], [-121.58815, 38.542337], [-121.587422, 38.545229], [-121.586419, 38.547104], [-121.584996, 38.549245], [-121.5828980000001, 38.551004], [-121.583231, 38.573234], [-121.5828980000001, 38.573489], [-121.582724, 38.579445], [-121.570491, 38.582635], [-121.572818, 38.589706], [-121.5718260000001, 38.589749], [-121.5719840000001, 38.590189], [-121.570868, 38.590628], [-121.573809, 38.593906], [-121.5736650000001, 38.594368], [-121.576173, 38.59767], [-121.572436, 38.598226], [-121.553609, 38.603326], [-121.558268, 38.608204], [-121.561568, 38.618604], [-121.5651000000001, 38.642304], [-121.566868, 38.645104], [-121.5704690000001, 38.647602], [-121.574198, 38.64851], [-121.576068, 38.648604], [-121.587169, 38.642705], [-121.589769, 38.642405], [-121.594069, 38.644106], [-121.603469, 38.655207], [-121.609569, 38.661108], [-121.628654, 38.675429], [-121.630654, 38.67818], [-121.631918, 38.680644], [-121.633774, 38.686164], [-121.634158, 38.689843]]]], "abbr": "ca", "boundary_id": "sldu/ca-6", "num_seats": 1, "id": "ca-upper-6", "bbox": [[38.361368, -121.634158], [38.736401, -121.256535]]}