{"name": "35", "region": {"lon_delta": 0.19890499999989686, "center_lon": -118.27939750000004, "lat_delta": 0.31731599999999816, "center_lat": 33.818205000000006}, "chamber": "upper", "shape": [[[[-118.37885, 33.95437], [-118.378834, 33.95748], [-118.3777220000001, 33.959953], [-118.375892, 33.961454], [-118.371239, 33.963367], [-118.371616, 33.966852], [-118.371918, 33.967387], [-118.3725400000001, 33.967131], [-118.372897, 33.967607], [-118.372366, 33.967989], [-118.37034, 33.967993], [-118.3701230000001, 33.968307], [-118.370109, 33.9729], [-118.3668200000001, 33.975692], [-118.366785, 33.974558], [-118.364933, 33.974497], [-118.364993, 33.976863], [-118.352963, 33.975795], [-118.350406, 33.973817], [-118.347234, 33.970022], [-118.337594, 33.974401], [-118.3352950000001, 33.974547], [-118.335212, 33.972691], [-118.333024, 33.972696], [-118.33303000000011, 33.967249], [-118.32648, 33.967267], [-118.326471, 33.970909], [-118.317747, 33.970923], [-118.317752, 33.930679], [-118.2915250000001, 33.930962], [-118.291509, 33.923685], [-118.28038, 33.92372], [-118.280442, 33.923199], [-118.278226, 33.923218], [-118.2782210000001, 33.922509], [-118.2775340000001, 33.922433], [-118.2773320000001, 33.923281], [-118.253594, 33.923095], [-118.2535500000001, 33.9273], [-118.2538140000001, 33.9273], [-118.253804, 33.928184], [-118.253474, 33.928632], [-118.254269, 33.929383], [-118.254109, 33.943278], [-118.249138, 33.943273], [-118.2488390000001, 33.953358], [-118.247485, 33.953358], [-118.24745, 33.954257], [-118.24421, 33.95427], [-118.2442190000001, 33.95326], [-118.233995, 33.953264], [-118.234026, 33.948243], [-118.230622, 33.948278], [-118.230631, 33.947234], [-118.234855, 33.947132], [-118.2348230000001, 33.945569], [-118.230165, 33.945648], [-118.228646, 33.939007], [-118.229213, 33.937331], [-118.2283740000001, 33.937366], [-118.228311, 33.936951], [-118.226772, 33.937096], [-118.225581, 33.929389], [-118.230324, 33.929001], [-118.228805, 33.922685], [-118.224578, 33.923132], [-118.22444, 33.9223], [-118.21994, 33.922301], [-118.219938, 33.923026], [-118.218356, 33.921357], [-118.216936, 33.912313], [-118.213914, 33.912645], [-118.2138390000001, 33.913061], [-118.206408, 33.910619], [-118.205827, 33.912622], [-118.1984250000001, 33.91057], [-118.199979, 33.906677], [-118.197022, 33.906378], [-118.195022, 33.911243], [-118.19389100000011, 33.910933], [-118.195792, 33.906331], [-118.1901900000001, 33.905819], [-118.1901950000001, 33.9061], [-118.189516, 33.906061], [-118.189315, 33.90734], [-118.186744, 33.907068], [-118.187048, 33.90537], [-118.1865990000001, 33.905336], [-118.186257, 33.904797], [-118.187788, 33.903614], [-118.186962, 33.902358], [-118.18695, 33.901794], [-118.188149, 33.894716], [-118.18572, 33.894741], [-118.185288, 33.89624], [-118.182306, 33.896212], [-118.182246, 33.894254], [-118.181687, 33.894265], [-118.181593, 33.892623], [-118.1799450000001, 33.892729], [-118.182402, 33.889106], [-118.184169, 33.889137], [-118.184331, 33.892552], [-118.1869010000001, 33.892528], [-118.188167, 33.885442], [-118.187183, 33.885404], [-118.1874870000001, 33.883015], [-118.187855, 33.881457], [-118.1883430000001, 33.881453], [-118.189873, 33.874367], [-118.190208, 33.874366], [-118.191232, 33.871498], [-118.1984700000001, 33.85999], [-118.199215, 33.862449], [-118.201602, 33.859094], [-118.202087, 33.859073], [-118.203119, 33.857601], [-118.204924, 33.85376], [-118.205779, 33.848832], [-118.2066310000001, 33.848589], [-118.206591, 33.846567], [-118.205912, 33.846484], [-118.207691, 33.839331], [-118.207332, 33.839419], [-118.208641, 33.834117], [-118.208779, 33.83175], [-118.208274, 33.829586], [-118.207428, 33.828476], [-118.2056970000001, 33.827237], [-118.206002, 33.825407], [-118.206031, 33.821064], [-118.205402, 33.818917], [-118.205404, 33.797219], [-118.215435, 33.797126], [-118.21545, 33.791713], [-118.216537, 33.791719], [-118.216536, 33.789853], [-118.225485, 33.78986], [-118.227512, 33.790368], [-118.2276810000001, 33.789944], [-118.225509, 33.787833], [-118.225368, 33.787178], [-118.225175, 33.787349], [-118.220669, 33.782537], [-118.24545, 33.763889], [-118.240767, 33.758296], [-118.248966, 33.755902], [-118.231803, 33.715002], [-118.232936, 33.714465], [-118.22527600000011, 33.690595], [-118.237008, 33.690595], [-118.254528, 33.67507], [-118.274239, 33.663429], [-118.3191350000001, 33.659547], [-118.345415, 33.663427], [-118.352008, 33.666649], [-118.342442, 33.693941], [-118.32118, 33.717564], [-118.3221800000001, 33.717281], [-118.322253, 33.71791], [-118.323231, 33.718598], [-118.32557, 33.718657], [-118.330432, 33.72023], [-118.333057, 33.721862], [-118.328472, 33.729422], [-118.32101, 33.729397], [-118.320908, 33.731056], [-118.320125, 33.731426], [-118.319823, 33.73199], [-118.3185310000001, 33.731987], [-118.31851, 33.735251], [-118.3203010000001, 33.735446], [-118.3203730000001, 33.73577], [-118.318924, 33.736598], [-118.3185050000001, 33.736339], [-118.3185, 33.737477], [-118.3189610000001, 33.738197], [-118.318876, 33.740315], [-118.319841, 33.741002], [-118.320029, 33.741492], [-118.319607, 33.74263], [-118.318477, 33.742617], [-118.318449, 33.746842], [-118.312176, 33.746805], [-118.312174, 33.747302], [-118.311103, 33.747294], [-118.311107, 33.746799], [-118.309614, 33.746791], [-118.3091220000001, 33.750208], [-118.309087, 33.757728], [-118.301, 33.757721], [-118.3018780000001, 33.760511], [-118.3090380000001, 33.760515], [-118.309035, 33.762678], [-118.311606, 33.763051], [-118.308877, 33.772403], [-118.308923, 33.774964], [-118.306427, 33.774958], [-118.307819, 33.779368], [-118.309486, 33.779053], [-118.309924, 33.781947], [-118.308709, 33.782215], [-118.308713, 33.788207], [-118.308472, 33.788773], [-118.308829, 33.806795], [-118.3092960000001, 33.808805], [-118.3082540000001, 33.809014], [-118.3089180000001, 33.811998], [-118.308924, 33.817038], [-118.314702, 33.819123], [-118.328038, 33.821861], [-118.343627, 33.824924], [-118.351548, 33.825586], [-118.35306, 33.833798], [-118.352851, 33.833797], [-118.3536, 33.838889], [-118.353601, 33.857552], [-118.352455, 33.859989], [-118.3523480000001, 33.874428], [-118.354711, 33.872854], [-118.36129, 33.872858], [-118.36129, 33.894653], [-118.378721, 33.894646], [-118.378625, 33.915373], [-118.378388, 33.916375], [-118.374341, 33.916306], [-118.3743300000001, 33.916586], [-118.374325, 33.917186], [-118.376527, 33.917217], [-118.376532, 33.920009], [-118.378373, 33.920008], [-118.378429, 33.929008], [-118.368375, 33.929021], [-118.368377, 33.930436], [-118.368387, 33.930946], [-118.3700330000001, 33.930929], [-118.3700570000001, 33.952672], [-118.378843, 33.952647], [-118.37885, 33.95437]]]], "abbr": "ca", "boundary_id": "sldu/ca-35", "num_seats": 1, "id": "ca-upper-35", "bbox": [[33.659547, -118.37885], [33.976863, -118.1799450000001]]}