{"name": "9", "region": {"lon_delta": 0.36737200000000314, "center_lon": -122.25789800000001, "lat_delta": 0.4410339999999948, "center_lat": 37.852743000000004}, "chamber": "upper", "shape": [[[[-122.441584, 37.97239], [-122.441584, 37.973923], [-122.392783, 38.027021], [-122.37598, 38.048466], [-122.347454, 38.07326], [-122.278381, 38.06142], [-122.269578, 38.060404], [-122.2699420000001, 38.058313], [-122.248198, 38.05832], [-122.2482190000001, 38.056205], [-122.246186, 38.055697], [-122.247347, 38.054795], [-122.2492320000001, 38.052517], [-122.250371, 38.051814], [-122.2478140000001, 38.048767], [-122.245881, 38.050339], [-122.242895, 38.050984], [-122.241125, 38.048373], [-122.2407800000001, 38.046622], [-122.240131, 38.045717], [-122.239157, 38.045267], [-122.23525, 38.044791], [-122.234091, 38.044255], [-122.234247, 38.025928], [-122.23633, 38.025966], [-122.2356580000001, 38.025611], [-122.23529, 38.024388], [-122.234626, 38.023782], [-122.234735, 38.02253], [-122.236144, 38.022008], [-122.236604, 38.021419], [-122.238503, 38.022295], [-122.240792, 38.022196], [-122.2470040000001, 38.020558], [-122.248789, 38.019451], [-122.251224, 38.014612], [-122.252485, 38.013028], [-122.248065, 38.008679], [-122.2391, 38.007218], [-122.237219, 38.004717], [-122.234696, 38.004671], [-122.2333040000001, 38.002361], [-122.231139, 38.002121], [-122.229799, 38.010381], [-122.225094, 38.008462], [-122.222145, 38.007853], [-122.213956, 38.007092], [-122.209664, 38.007878], [-122.208261, 38.006587], [-122.207448, 38.003196], [-122.20424, 37.999516], [-122.1950400000001, 37.995362], [-122.1798780000001, 37.996912], [-122.1799, 37.997895], [-122.179147, 37.997956], [-122.176323, 37.998026], [-122.173993, 37.996993], [-122.1717380000001, 37.998237], [-122.1698470000001, 37.998107], [-122.166851, 37.999032], [-122.1662290000001, 37.999503], [-122.160834, 37.997925], [-122.15824, 37.997976], [-122.1583870000001, 37.996054], [-122.1594850000001, 37.99418], [-122.15856, 37.993817], [-122.1614620000001, 37.992141], [-122.161514, 37.991398], [-122.159844, 37.990119], [-122.1611130000001, 37.989545], [-122.1615070000001, 37.988852], [-122.16274, 37.988096], [-122.1631280000001, 37.986491], [-122.162821, 37.985297], [-122.16142, 37.983639], [-122.15904, 37.982925], [-122.161249, 37.981187], [-122.1621420000001, 37.980912], [-122.1629080000001, 37.979538], [-122.16224700000011, 37.978493], [-122.163375, 37.978447], [-122.1633970000001, 37.978012], [-122.162969, 37.977685], [-122.1632960000001, 37.977226], [-122.16393, 37.977041], [-122.1644730000001, 37.977381], [-122.165159, 37.976079], [-122.166138, 37.976071], [-122.1670880000001, 37.976647], [-122.167161, 37.975528], [-122.1679, 37.976027], [-122.1686550000001, 37.975566], [-122.168242, 37.973956], [-122.168438, 37.972643], [-122.166896, 37.971028], [-122.168183, 37.970656], [-122.168822, 37.970091], [-122.16375, 37.970569], [-122.157924, 37.969444], [-122.153712, 37.967245], [-122.151006, 37.966624], [-122.149369, 37.965645], [-122.148047, 37.965432], [-122.148501, 37.964558], [-122.149789, 37.964394], [-122.150805, 37.964394], [-122.153062, 37.965065], [-122.15265, 37.96427], [-122.150724, 37.96395], [-122.148897, 37.962918], [-122.149048, 37.961851], [-122.14972, 37.962532], [-122.151726, 37.962122], [-122.1519700000001, 37.960496], [-122.150375, 37.959251], [-122.1484640000001, 37.959237], [-122.14848, 37.95757], [-122.143385, 37.9588], [-122.142076, 37.957879], [-122.143283, 37.95949], [-122.142952, 37.960379], [-122.140331, 37.961296], [-122.139452, 37.961125], [-122.138596, 37.961925], [-122.138263, 37.961777], [-122.138052, 37.960334], [-122.137417, 37.96011], [-122.136311, 37.960313], [-122.135966, 37.959745], [-122.135293, 37.959661], [-122.135035, 37.95913], [-122.133161, 37.958843], [-122.13315, 37.958543], [-122.133419, 37.958251], [-122.134302, 37.958389], [-122.1343190000001, 37.95786], [-122.13519, 37.957465], [-122.1361530000001, 37.957785], [-122.137357, 37.958793], [-122.1381930000001, 37.958329], [-122.137195, 37.957751], [-122.13738, 37.957071], [-122.135672, 37.95667], [-122.135294, 37.956203], [-122.1351860000001, 37.955322], [-122.135645, 37.954279], [-122.134955, 37.953482], [-122.1359730000001, 37.952484], [-122.136506, 37.951287], [-122.136201, 37.950559], [-122.136445, 37.949591], [-122.13492, 37.947823], [-122.1349230000001, 37.947512], [-122.1355590000001, 37.947323], [-122.135518, 37.946401], [-122.134242, 37.946124], [-122.134741, 37.94579], [-122.1355930000001, 37.943719], [-122.1367690000001, 37.942771], [-122.1372860000001, 37.941416], [-122.137372, 37.939715], [-122.13831, 37.939212], [-122.138155, 37.938723], [-122.1375, 37.938528], [-122.1375500000001, 37.937964], [-122.1384800000001, 37.937559], [-122.1408380000001, 37.937268], [-122.141259, 37.936919], [-122.142056, 37.934983], [-122.143306, 37.935334], [-122.148242, 37.933735], [-122.148059, 37.932611], [-122.149221, 37.930846], [-122.152132, 37.928595], [-122.154326, 37.928164], [-122.1561190000001, 37.927289], [-122.158305, 37.926886], [-122.15943, 37.927113], [-122.1606570000001, 37.926621], [-122.161103, 37.925952], [-122.1627170000001, 37.925778], [-122.1627430000001, 37.924646], [-122.163285, 37.923475], [-122.1662800000001, 37.92304], [-122.1645350000001, 37.921316], [-122.165668, 37.920028], [-122.171584, 37.918168], [-122.1744410000001, 37.917942], [-122.185014, 37.919207], [-122.189139, 37.920314], [-122.1923060000001, 37.920731], [-122.194798, 37.922154], [-122.196191, 37.922], [-122.196919, 37.921304], [-122.1974960000001, 37.919419], [-122.200146, 37.917538], [-122.200469, 37.914475], [-122.20416, 37.909119], [-122.205782, 37.908448], [-122.208811, 37.908939], [-122.210246, 37.908677], [-122.210892, 37.908187], [-122.21127, 37.907357], [-122.2111670000001, 37.906583], [-122.210539, 37.905823], [-122.214091, 37.903903], [-122.212161, 37.902653], [-122.21188000000011, 37.901774], [-122.211421, 37.901454], [-122.2070870000001, 37.901721], [-122.207521, 37.900973], [-122.208652, 37.900922], [-122.21015, 37.900283], [-122.210799, 37.899292], [-122.2139710000001, 37.900105], [-122.215339, 37.899715], [-122.215707, 37.900269], [-122.216923, 37.900158], [-122.217393, 37.899237], [-122.219328, 37.89767], [-122.220122, 37.899302], [-122.2226660000001, 37.899274], [-122.222881, 37.898946], [-122.222581, 37.898133], [-122.227187, 37.899757], [-122.229943, 37.898219], [-122.235672, 37.89933], [-122.238846, 37.900857], [-122.2421630000001, 37.903747], [-122.2429120000001, 37.904909], [-122.244438, 37.904856], [-122.250299, 37.900615], [-122.249568, 37.899628], [-122.247839, 37.899572], [-122.247649, 37.898722], [-122.246159, 37.897054], [-122.2451570000001, 37.897038], [-122.2441790000001, 37.896599], [-122.243659, 37.895254], [-122.24238, 37.894104], [-122.242167, 37.893292], [-122.2425690000001, 37.892802], [-122.244508, 37.892285], [-122.2454450000001, 37.892982], [-122.246263, 37.893004], [-122.248977, 37.891222], [-122.248691, 37.89083], [-122.249779, 37.889625], [-122.248914, 37.886867], [-122.2419710000001, 37.881927], [-122.238679, 37.883325], [-122.230979, 37.881325], [-122.223878, 37.878326], [-122.221376, 37.875325], [-122.2173760000001, 37.871724], [-122.216276, 37.868822], [-122.219181, 37.867226], [-122.221488, 37.865026], [-122.220389, 37.864427], [-122.2147360000001, 37.85951], [-122.213196, 37.857601], [-122.2119330000001, 37.856946], [-122.210778, 37.855026], [-122.210978, 37.854526], [-122.208486, 37.85169], [-122.204094, 37.851387], [-122.200678, 37.847589], [-122.195274, 37.843587], [-122.195293, 37.842799], [-122.196101, 37.842005], [-122.194304, 37.841366], [-122.193923, 37.840758], [-122.191778, 37.839826], [-122.188877, 37.837626], [-122.185277, 37.837026], [-122.184179, 37.833922], [-122.186577, 37.830426], [-122.187177, 37.828726], [-122.187058, 37.827199], [-122.1858770000001, 37.825526], [-122.186677, 37.823526], [-122.185977, 37.820726], [-122.181477, 37.819526], [-122.176977, 37.816227], 