{"name": "22", "region": {"lon_delta": 0.3319580000000002, "center_lon": -118.00362000000001, "lat_delta": 0.19008099999999928, "center_lat": 34.0844125}, "chamber": "upper", "shape": [[[[-118.169599, 34.044289], [-118.1682210000001, 34.046924], [-118.168062, 34.048353], [-118.169272, 34.048354], [-118.169259, 34.06229], [-118.165293, 34.062298], [-118.164522, 34.06564], [-118.162467, 34.069688], [-118.1626600000001, 34.069859], [-118.161767, 34.07103], [-118.161562, 34.072821], [-118.161761, 34.074635], [-118.160496, 34.075131], [-118.1606600000001, 34.093441], [-118.1561530000001, 34.096543], [-118.155463, 34.097515], [-118.15529, 34.098672], [-118.1417840000001, 34.098765], [-118.14183, 34.10414], [-118.134694, 34.104085], [-118.134703, 34.105725], [-118.135296, 34.10645], [-118.127935, 34.111146], [-118.121723, 34.104976], [-118.121095, 34.105275], [-118.120666, 34.106623], [-118.11679, 34.112212], [-118.1148850000001, 34.113493], [-118.108566, 34.114266], [-118.108552, 34.113392], [-118.107461, 34.113383], [-118.107464, 34.113778], [-118.106371, 34.113767], [-118.106374, 34.113361], [-118.099652, 34.113466], [-118.098047, 34.115277], [-118.091194, 34.115308], [-118.091279, 34.121996], [-118.090306, 34.123366], [-118.090397, 34.124813], [-118.088214, 34.125563], [-118.088665, 34.126914], [-118.087946, 34.127059], [-118.088203, 34.127577], [-118.089986, 34.127035], [-118.0903670000001, 34.126902], [-118.090191, 34.126335], [-118.09077500000011, 34.126115], [-118.093158, 34.131483], [-118.094293, 34.135245], [-118.089504, 34.135275], [-118.0894930000001, 34.133677], [-118.087328, 34.133692], [-118.087301, 34.131299], [-118.085986, 34.131432], [-118.086007, 34.133033], [-118.083955, 34.133164], [-118.083733, 34.140462], [-118.081529, 34.140472], [-118.081522, 34.139591], [-118.078922, 34.139609], [-118.07896, 34.14225], [-118.083501, 34.14222], [-118.08328, 34.144566], [-118.086068, 34.144555], [-118.086577, 34.145194], [-118.08611, 34.145199], [-118.08611, 34.145686], [-118.084594, 34.145747], [-118.084597, 34.146214], [-118.082371, 34.146231], [-118.082365, 34.145723], [-118.0804980000001, 34.145727], [-118.0804380000001, 34.14524], [-118.079946, 34.145241], [-118.0799370000001, 34.144652], [-118.079356, 34.144656], [-118.079377, 34.146249], [-118.078105, 34.146258], [-118.077952, 34.147384], [-118.073392, 34.147765], [-118.0734240000001, 34.150214], [-118.067824, 34.150287], [-118.067958, 34.156821], [-118.038412, 34.157259], [-118.038473, 34.166881], [-118.029668, 34.166854], [-118.029473, 34.167832], [-118.0301410000001, 34.168928], [-118.0301410000001, 34.169821], [-118.029619, 34.169995], [-118.0303540000001, 34.170368], [-118.030007, 34.170772], [-118.030412, 34.171097], [-118.030143, 34.171228], [-118.030139, 34.179402], [-118.0175930000001, 34.179453], [-118.0175090000001, 34.17816], [-118.0163720000001, 34.176686], [-118.018462, 34.17535], [-118.0196320000001, 34.175395], [-118.021419, 34.173632], [-118.0212630000001, 34.158552], [-118.020387, 34.157654], [-118.020652, 34.157462], [-118.021288, 34.157934], [-118.021278, 34.157063], [-118.021906, 34.157053], [-118.021883, 34.154753], [-118.0213, 34.154762], [-118.021215, 34.151242], [-118.020705, 34.151112], [-118.020326, 34.131099], [-118.0200200000001, 34.131143], [-118.020009, 34.130164], [-118.014578, 34.130029], [-118.007237, 34.130323], [-118.007219, 34.129334], [-118.006732, 34.129339], [-118.006115, 34.130359], [-118.003952, 34.130296], [-118.004005, 34.117461], [-118.0046800000001, 34.117706], [-118.004787, 34.117515], [-118.004363, 34.11736], [-118.004506, 34.117083], [-118.005032, 34.117273], [-118.0051, 34.11763], [-118.004754, 34.117733], [-118.006569, 34.118393], [-118.006503, 34.118026], [-118.006098, 34.117991], [-118.0060670000001, 34.117345], [-118.005575, 34.117312], [-118.005497, 34.116777], [-118.007098, 34.116831], [-118.007206, 34.116428], [-118.007096, 34.114469], [-118.007096, 34.115216], [-118.005214, 34.115298], [-118.004441, 34.117059], [-118.00392, 34.116873], [-118.004808, 34.111064], [-118.0050820000001, 34.110604], [-118.007507, 34.110415], [-118.007364, 34.110163], [-118.012807, 34.105365], [-118.015761, 34.1042], [-118.015551, 34.102902], [-118.007342, 34.105566], [-118.0068660000001, 34.106539], [-118.002238, 34.104968], [-118.000499, 34.108536], [-118.004369, 34.109505], [-118.00363, 34.111098], [-118.00469, 34.109558], [-118.005316, 34.10971], [-118.00446600000011, 34.111255], [-118.003747, 34.117366], [-118.000917, 34.116217], [-117.9957600000001, 34.118429], [-117.997905, 34.119006], [-117.998408, 34.117673], [-117.999542, 34.117667], [-117.999406, 34.118035], [-118.0013000000001, 34.117909], [-118.0013050000001, 34.117426], [-118.003752, 34.117508], [-118.0037260000001, 34.124928], [-117.999919, 34.124935], [-117.99923, 34.127731], [-117.995948, 34.126839], [-117.995076, 34.129179], [-117.994991, 34.130442], [-117.989752, 34.130463], [-117.990153, 34.129636], [-117.987691, 34.129482], [-117.990543, 34.122121], [-117.987865, 34.121386], [-117.9869570000001, 34.123786], [-117.986239, 34.123591], [-117.986324, 34.124529], [-117.985819, 34.12492], [-117.985238, 34.126216], [-117.984449, 34.126045], [-117.982368, 34.126799], [-117.9819420000001, 34.12676], [-117.981938, 34.126392], [-117.978637, 34.126411], [-117.9786280000001, 34.125074], [-117.974638, 34.125015], [-117.972095, 34.127085], [-117.970626, 34.128721], [-117.9697490000001, 34.129046], [-117.96974, 34.13222], [-117.960038, 34.132224], [-117.960027, 34.136076], [-117.948778, 34.135923], [-117.946308, 34.137964], [-117.9452310000001, 34.137501], [-117.944733, 34.138072], [-117.944332, 34.137838], [-117.943985, 34.138357], [-117.943462, 34.138398], [-117.939702, 34.14054], [-117.929597, 34.150958], [-117.930203, 34.150968], [-117.932535, 34.152295], [-117.934551, 34.154034], [-117.934566, 34.15365], [-117.937974, 34.152311], [-117.93794, 34.154347], [-117.942339, 34.154341], [-117.942324, 34.165217], [-117.907549, 34.165047], [-117.907528, 34.168652], [-117.898781, 34.168615], [-117.89881, 34.165105], [-117.890048, 34.165121], [-117.890052, 34.150124], [-117.8907910000001, 34.147287], [-117.89064, 34.146547], [-117.891093, 34.14581], [-117.890402, 34.145371], [-117.890053, 34.144124], [-117.890035, 34.132787], [-117.886629, 34.132784], [-117.886616, 34.131859], [-117.886366, 34.130986], [-117.885982, 34.130986], [-117.885902, 34.129964], [-117.881346, 34.129949], [-117.8812920000001, 34.126817], [-117.879173, 34.12683], [-117.87918, 34.125101], [-117.877169, 34.125104], [-117.876955, 34.124687], [-117.876982, 34.124332], [-117.880353, 34.124337], [-117.880357, 34.121439], [-117.881371, 34.121443], [-117.8814770000001, 34.107438], [-117.882562, 34.107444], [-117.882577, 34.10677], [-117.8771540000001, 34.105475], [-117.873898, 34.10603], [-117.8661380000001, 34.106666], [-117.837641, 34.106739], [-117.837655, 34.097455], [-117.8398190000001, 34.096325], [-117.839873, 34.101237], [-117.842001, 34.101216], [-117.8420040000001, 34.095798], [-117.840549, 34.095796], [-117.846396, 34.09281], [-117.846414, 34.089781], [-117.8499070000001, 34.087929], [-117.84998, 34.087057], [-117.851321, 34.086218], [-117.851531, 34.085559], [-117.852165, 34.085614], [-117.852176, 34.086204], [-117.853478, 34.0862], [-117.853443, 34.08443], [-117.8539690000001, 34.083677], [-117.853412, 34.082651], [-117.8498170000001, 34.082661], [-117.844673, 34.082088], [-117.841877, 34.080933], [-117.844057, 34.078801], [-117.843341, 34.078328], [-117.84385, 34.077864], [-117.844934, 34.077877], [-117.847167, 34.075521], [-117.850836, 34.077243], [-117.851263, 34.076604], [-117.851859, 34.076702], [-117.851433, 34.077498], [-117.853379, 34.079209], [-117.851929, 34.080682], [-117.852647, 34.081646], [-117.857186, 34.081636], [-117.857181, 34.0807], [-117.859093, 34.080719], [-117.859196, 34.08022], [-117.8588330000001, 34.079963], [-117.8590820000001, 34.079477], [-117.858691, 34.079123], [-117.86009, 34.078684], 