{"name": "32", "region": {"lon_delta": 0.2770349999999979, "center_lon": -118.05490950000001, "lat_delta": 0.22385200000000083, "center_lat": 33.934096999999994}, "chamber": "upper", "shape": [[[[-118.193427, 34.009619], [-118.1924470000001, 34.011465], [-118.192125, 34.012921], [-118.191416, 34.012859], [-118.191436, 34.015084], [-118.192219, 34.01508], [-118.192231, 34.016546], [-118.1871780000001, 34.016563], [-118.1871720000001, 34.015853], [-118.181293, 34.015784], [-118.181237, 34.012036], [-118.175905, 34.011534], [-118.175897, 34.018273], [-118.1586580000001, 34.010719], [-118.15365, 34.01963], [-118.146238, 34.018076], [-118.146138, 34.017611], [-118.146584, 34.017716], [-118.1470050000001, 34.014322], [-118.146536, 34.01427], [-118.1465210000001, 34.013822], [-118.146648, 34.013386], [-118.147163, 34.013396], [-118.1476920000001, 34.009781], [-118.127569, 34.008047], [-118.126646, 34.013109], [-118.130809, 34.013981], [-118.1309480000001, 34.014729], [-118.130756, 34.015234], [-118.130376, 34.015243], [-118.1301550000001, 34.01597], [-118.143357, 34.023936], [-118.142806, 34.024745], [-118.1428290000001, 34.025749], [-118.143607, 34.026206], [-118.142838, 34.027238], [-118.142854, 34.030399], [-118.143803, 34.030395], [-118.143846, 34.03087], [-118.142855, 34.030826], [-118.14286, 34.032211], [-118.144109, 34.032334], [-118.14416, 34.033463], [-118.115135, 34.033698], [-118.1076850000001, 34.026994], [-118.104456, 34.030264], [-118.1036310000001, 34.032075], [-118.1018550000001, 34.031852], [-118.099086, 34.032267], [-118.098305, 34.035234], [-118.097257, 34.035611], [-118.0950080000001, 34.035112], [-118.093123, 34.035548], [-118.1036500000001, 34.038233], [-118.103645, 34.039683], [-118.106517, 34.040403], [-118.10194, 34.042639], [-118.1002720000001, 34.044762], [-118.096874, 34.044731], [-118.094857, 34.043183], [-118.094295, 34.044122], [-118.0952910000001, 34.044531], [-118.094454, 34.046023], [-118.0924720000001, 34.045173], [-118.0938560000001, 34.04287], [-118.0921560000001, 34.042094], [-118.090327, 34.040002], [-118.084735, 34.038635], [-118.083451, 34.037911], [-118.0826140000001, 34.038041], [-118.082334, 34.037739], [-118.082301, 34.03491], [-118.081384, 34.034867], [-118.0811400000001, 34.034409], [-118.080418, 34.03475], [-118.080044, 34.035323], [-118.079409, 34.035013], [-118.077894, 34.0356], [-118.074012, 34.032118], [-118.073085, 34.030736], [-118.072859, 34.030958], [-118.070932, 34.029665], [-118.066671, 34.028066], [-118.0656000000001, 34.028072], [-118.055172, 34.030446], [-118.048709, 34.033037], [-118.046279, 34.0334], [-118.045731, 34.033651], [-118.045159, 34.034638], [-118.044618, 34.034947], [-118.044787, 34.035115], [-118.043857, 34.035454], [-118.0432440000001, 34.035587], [-118.0382950000001, 34.034785], [-118.0372090000001, 34.030892], [-118.037604, 34.028168], [-118.036678, 34.027666], [-118.044292, 34.023084], [-118.044811, 34.021931], [-118.043867, 34.021303], [-118.044915, 34.020639], [-118.047687, 34.020162], [-118.046853, 34.019591], [-118.048464, 34.018358], [-118.047854, 34.017956], [-118.050197, 34.016213], [-118.052688, 34.017887], [-118.055041, 34.015979], [-118.055311, 34.01677], [-118.055094, 34.016977], [-118.056029, 34.01763], [-118.057504, 34.016403], [-118.056236, 34.015159], [-118.057336, 34.014352], [-118.055967, 34.012133], [-118.0557160000001, 34.011063], [-118.037379, 34.02355], [-118.03724700000011, 34.022966], [-118.035928, 34.022629], [-118.021823, 34.020574], [-118.0126070000001, 34.016004], [-118.01225, 34.007519], [-118.0076380000001, 34.015076], [-118.007106, 34.020807], [-118.004312, 34.021504], [-118.006619, 34.0233], [-118.0033650000001, 34.0236], [-118.00343, 34.024793], [-118.0023350000001, 34.026589], [-118.004543, 34.028885], [-118.009257, 34.028986], [-118.007736, 34.029395], [-118.006264, 34.029381], [-118.005163, 34.031236], [-118.003457, 34.03101], [-117.992221, 34.026463], [-117.991952, 34.026905], [-117.990936, 34.026491], [-117.989498, 34.025852], [-117.989829, 34.024943], [-117.982108, 34.02177], [-117.9815880000001, 34.022677], [-117.981263, 34.022545], [-117.9793820000001, 34.021771], [-117.9798920000001, 34.02087], [-117.975822, 34.019207], [-117.975073, 34.020472], [-117.976598, 34.021102], [-117.974745, 34.022979], [-117.973131, 34.021219], [-117.971069, 34.020722], [-117.97372, 34.018245], [-117.974997, 34.016241], [-117.975258, 34.016353], [-117.975522, 34.015919], [-117.975248, 34.015807], [-117.975771, 34.014981], [-117.966044, 34.011767], [-117.964407, 34.015464], [-117.961355, 34.014392], [-117.958728, 34.013319], [-117.959815, 34.009866], [-117.948291, 34.006396], [-117.948683, 34.002319], [-117.934004, 33.997936], [-117.932131, 33.997564], [-117.9308800000001, 33.998275], [-117.931882, 33.990039], [-117.930917, 33.989963], [-117.932808, 33.979321], [-117.9333960000001, 33.980012], [-117.934353, 33.972935], [-117.916392, 33.968755], [-117.9258360000001, 33.946028], [-117.976498, 33.94605], [-117.976593, 33.90281], [-117.985481, 33.902769], [-117.985298, 33.895404], [-117.989095, 33.895413], [-117.9890910000001, 33.894823], [-117.991548, 33.892916], [-117.994041, 33.889709], [-117.994057, 33.888111], [-117.999354, 33.888107], [-117.998196, 33.886665], [-117.99302, 33.8826], [-117.99244, 33.88154], [-117.99228, 33.87985], [-117.99147, 33.87863], [-117.98988, 33.87787], [-117.9871300000001, 33.87782], [-117.98654, 33.87593], [-117.98652, 33.87357], [-117.98509, 33.87357], [-117.9851, 33.86994], [-117.982022, 33.869958], [-117.981952, 33.866341], [-117.98507, 33.86632], [-117.985143, 33.859249], [-117.984381, 33.85898], [-117.985094, 33.859056], [-117.9850260000001, 33.858345], [-117.983189, 33.857557], [-117.984097, 33.857188], [-117.98482, 33.857572], [-117.984867, 33.853933], [-117.980652, 33.854026], [-117.980504, 33.846796], [-117.9783450000001, 33.84681], [-117.97833, 33.844997], [-117.980499, 33.844973], [-117.980495, 33.839506], [-117.98569, 33.839457], [-117.98565, 33.836657], [-117.986162, 33.836655], [-117.98617300000011, 33.835785], [-118.002263, 33.835615], [-118.0022450000001, 33.833866], [-118.0066280000001, 33.833782], [-118.006615, 33.833337], [-118.007753, 33.833315], [-118.007708, 33.831916], [-118.02825, 33.83183], [-118.028581, 33.866246], [-118.037598, 33.866013], [-118.0375360000001, 33.862369], [-118.041884, 33.862332], [-118.041748, 33.858723], [-118.046188, 33.858768], [-118.046082, 33.853611], [-118.050402, 33.853539], [-118.050375, 33.849917], [-118.054723, 33.849821], [-118.054687, 33.846218], [-118.058918, 33.846121], [-118.058988, 33.835207], [-118.06069, 33.834555], [-118.0609100000001, 33.833887], [-118.063499, 33.831516], [-118.063268, 33.82422], [-118.065911, 33.824072], [-118.066627, 33.822199], [-118.068868, 33.822171], [-118.068721, 33.82402], [-118.071826, 33.823974], [-118.071804, 33.82321], [-118.072497, 33.823468], [-118.07468, 33.823438], [-118.074676, 33.823008], [-118.081703, 33.825083], [-118.082792, 33.829798], [-118.082426, 33.830601], [-118.081793, 33.830874], [-118.081812, 33.83126], [-118.093241, 33.831297], [-118.093356, 33.831999], [-118.097472, 33.832342], [-118.1249830000001, 33.832437], [-118.1250900000001, 33.860319], [-118.133792, 33.860284], [-118.133859, 33.868944], [-118.1512390000001, 33.86897], [-118.151294, 33.879807], [-118.146955, 33.879818], [-118.146971, 33.88931], [-118.142741, 33.889334], [-118.142932, 33.902467], [-118.1535020000001, 33.907371], [-118.149222, 33.913704], [-118.170424, 33.923608], [-118.167796, 33.926095], [-118.16828, 33.92722], [-118.16758, 33.928305], [-118.1669710000001, 33.926878], [-118.166301, 33.927513], [-118.164155, 33.926475], [-118.1623720000001, 33.927613], [-118.161541, 33.928847], [-118.1624730000001, 33.929157], [-118.162467, 33.930353], [-118.163484, 33.932892], [-118.164284, 33.933272], [-118.165081, 33.932977], [-118.166085, 33.93537], [-118.16574, 33.938443], [-118.1659420000001, 33.938546], [-118.1621760000001, 33.942339], [-118.1583940000001, 