{"name": "11", "region": {"lon_delta": 0.892044999999996, "center_lon": -122.7278025, "lat_delta": 0.29103300000000587, "center_lat": 37.7843075}, "chamber": "upper", "shape": [[[[-122.612285, 37.815224], [-122.5301, 37.81543], [-122.5273990000001, 37.814947], [-122.5273040000001, 37.815648], [-122.529185, 37.819028], [-122.527085, 37.821028], [-122.525602, 37.821218], [-122.525785, 37.821728], [-122.525385, 37.822428], [-122.524385, 37.822528], [-122.5245350000001, 37.822988], [-122.523569, 37.824661], [-122.519275, 37.824989], [-122.518478, 37.825294], [-122.5176780000001, 37.825199], [-122.516776, 37.824606], [-122.516081, 37.82521], [-122.51188, 37.824339], [-122.511081, 37.824444], [-122.5051880000001, 37.822888], [-122.505393, 37.822088], [-122.504166, 37.820993], [-122.503369, 37.821198], [-122.502867, 37.820902], [-122.501475, 37.82171], [-122.499764, 37.819724], [-122.498968, 37.820229], [-122.499878, 37.82182], [-122.498982, 37.822326], [-122.4954830000001, 37.822428], [-122.494783, 37.822728], [-122.494499, 37.823426], [-122.493483, 37.823828], [-122.4931830000001, 37.824628], [-122.491383, 37.825728], [-122.4911830000001, 37.826428], [-122.486283, 37.826228], [-122.4834830000001, 37.826728], [-122.482783, 37.825628], [-122.481383, 37.825928], [-122.4791560000001, 37.825579], [-122.478359, 37.828082], [-122.479643, 37.83051], [-122.478776, 37.831163], [-122.478355, 37.830964], [-122.4782820000001, 37.831225], [-122.4786330000001, 37.831298], [-122.478063, 37.832457], [-122.4741690000001, 37.833365], [-122.473619, 37.831929], [-122.472248, 37.832107], [-122.418673, 37.852505], [-122.4226830000001, 37.878126], [-122.432283, 37.929824], [-122.3737820000001, 37.883725], [-122.367781, 37.866726], [-122.346681, 37.811027], [-122.28178, 37.70823], [-122.404682, 37.708331], [-122.40529, 37.708264], [-122.406831, 37.704598], [-122.4103070000001, 37.705576], [-122.412162, 37.701528], [-122.411276, 37.701227], [-122.412337, 37.699162], [-122.412104, 37.699119], [-122.412387, 37.698612], [-122.413573, 37.698697], [-122.413812, 37.698242], [-122.4127990000001, 37.697719], [-122.414018, 37.697696], [-122.419575, 37.699235], [-122.420645, 37.699282], [-122.4219020000001, 37.698532], [-122.4237070000001, 37.696206], [-122.425147, 37.695675], [-122.426352, 37.695932], [-122.429566, 37.698167], [-122.430446, 37.698386], [-122.431515, 37.697933], [-122.432673, 37.696015], [-122.4342510000001, 37.695751], [-122.437048, 37.696802], [-122.440407, 37.698796], [-122.447607, 37.701469], [-122.449011, 37.701401], [-122.4498200000001, 37.700686], [-122.45033, 37.698394], [-122.4512730000001, 37.697069], [-122.456278, 37.693351], [-122.45477, 37.692338], [-122.453907, 37.692781], [-122.429383, 37.682133], [-122.429172, 37.68297], [-122.428039, 37.68114], [-122.427104, 37.680891], [-122.426543, 37.680295], [-122.4255390000001, 37.680182], [-122.425332, 37.679581], [-122.424049, 37.679091], [-122.4245030000001, 37.678283], [-122.42403, 37.676925], [-122.422586, 37.675632], [-122.420335, 37.674554], [-122.4183510000001, 37.67418], [-122.415265, 37.672267], [-122.417586, 37.672825], [-122.417748, 37.673132], [-122.41877, 37.672266], [-122.419357, 37.671081], [-122.4216920000001, 37.671198], [-122.423969, 37.671901], [-122.425432, 37.669684], [-122.425647, 37.668149], [-122.425143, 37.667654], [-122.426021, 37.667035], [-122.427449, 37.667195], [-122.43014600000011, 37.659594], [-122.433566, 37.65988], [-122.433037, 37.661324], [-122.4347080000001, 37.662474], [-122.435586, 37.663959], [-122.4395420000001, 37.666907], [-122.442727, 37.66422], [-122.444615, 37.665485], [-122.445836, 37.664416], [-122.4461960000001, 37.66342], [-122.448455, 37.663901], [-122.448809, 37.663487], [-122.449762, 37.66411], [-122.4503600000001, 37.663745], [-122.4521670000001, 37.662077], [-122.450251, 37.660895], [-122.4526060000001, 37.658748], [-122.4530550000001, 37.657815], [-122.453927, 37.657716], [-122.452318, 37.654942], [-122.4529990000001, 37.654619], [-122.452868, 37.654131], [-122.450394, 37.648505], [-122.4523870000001, 37.649649], [-122.44946, 37.645153], [-122.4503660000001, 37.644492], [-122.4547340000001, 37.642614], [-122.455744, 37.642614], [-122.45893, 37.643481], [-122.462561, 37.642568], [-122.463501, 37.641482], [-122.463014, 37.639463], [-122.4641320000001, 37.638791], [-122.468508, 37.643657], [-122.471864, 37.64914], [-122.4712810000001, 37.651942], [-122.4713380000001, 37.653036], [-122.476365, 37.661418], [-122.481598, 37.666134], [-122.483003, 37.666794], [-122.4851460000001, 37.666845], [-122.4853200000001, 37.665667], [-122.485016, 37.664289], [-122.4857250000001, 37.664311], [-122.485597, 37.661677], [-122.488221, 37.661018], [-122.489822, 37.661131], [-122.4917640000001, 37.662322], [-122.493642, 37.664413], [-122.495093, 37.664368], [-122.4957500000001, 37.665625], [-122.570474, 37.665333], [-122.5812810000001, 37.760203], [-122.584728, 37.779156], [-122.588174, 37.789362], [-122.612285, 37.815224]]], [[[-123.173825, 37.775727], [-123.169107, 37.792365], [-123.166012, 37.796885], [-123.160936, 37.802002], [-123.1472090000001, 37.811951], [-123.139441, 37.816719], [-123.1322720000001, 37.819676], [-123.1261140000001, 37.821664], [-123.118289, 37.823058], [-123.095261, 37.821877], [-123.081646, 37.818151], [-123.070494, 37.81383], [-123.048817, 37.799816], [-123.038726, 37.788881], [-123.035097, 37.780431], [-123.033841, 37.778375], [-123.031436, 37.777153], [-123.02585, 37.77709], [-123.0169700000001, 37.776069], [-123.010588, 37.774926], [-122.997538, 37.770784], [-122.9874140000001, 37.76387], [-122.981429, 37.758916], [-122.975448, 37.752585], [-122.973256, 37.748652], [-122.9704490000001, 37.747818], [-122.967271, 37.746303], [-122.9640990000001, 37.744281], [-122.95464, 37.736827], [-122.949985, 37.732187], [-122.945523, 37.725314], [-122.942294, 37.721057], [-122.9397110000001, 37.71535], [-122.937679, 37.709241], [-122.935865, 37.702459], [-122.93571, 37.697618], [-122.937339, 37.69093], [-122.939026, 37.686544], [-122.939661, 37.682353], [-122.941364, 37.67658], [-122.945009, 37.669773], [-122.949068, 37.663377], [-122.954876, 37.658348], [-122.9630060000001, 37.651984], [-122.973012, 37.646581], [-122.986747, 37.641783], [-123.00111, 37.63983], [-123.00111, 37.641775], [-123.0116050000001, 37.641506], [-123.027153, 37.645221], [-123.040696, 37.650328], [-123.05358, 37.658648], [-123.063578, 37.667316], [-123.068589, 37.673041], [-123.073063, 37.682583], [-123.074921, 37.690066], [-123.086057, 37.70075], [-123.09285, 37.713688], [-123.094801, 37.714067], [-123.0996470000001, 37.713591], [-123.104921, 37.712648], [-123.1155750000001, 37.714045], [-123.119645, 37.715441], [-123.1261140000001, 37.71673], [-123.1325970000001, 37.719393], [-123.149127, 37.732279], [-123.156757, 37.73784], [-123.1627510000001, 37.743533], [-123.169985, 37.75593], [-123.1729260000001, 37.7636], [-123.173763, 37.771831], [-123.173825, 37.775727]]]], "abbr": "ca", "boundary_id": "sldu/ca-11", "num_seats": 1, "id": "ca-upper-11", "bbox": [[37.638791, -123.173825], [37.929824, -122.28178]]}