{"name": "31", "region": {"lon_delta": 0.5880830000000117, "center_lon": -117.3822445, "lat_delta": 0.32024699999999484, "center_lat": 33.8741895}, "chamber": "upper", "shape": [[[[-117.676286, 33.888815], [-117.6548850000001, 33.888815], [-117.655386, 33.925114], [-117.610947, 33.925114], [-117.610913, 33.960084], [-117.610485, 33.964413], [-117.6103860000001, 33.971614], [-117.593379, 33.97757], [-117.558377, 33.98842], [-117.5583120000001, 34.033451], [-117.492661, 34.033428], [-117.41448, 34.034313], [-117.39525, 34.033802], [-117.375278, 34.033875], [-117.375278, 34.031523], [-117.374856, 34.031523], [-117.374856, 34.030848], [-117.374323, 34.030632], [-117.377284, 34.026718], [-117.375802, 34.025964], [-117.375385, 34.025407], [-117.375416, 34.019399], [-117.296275, 34.019414], [-117.267499, 34.01855], [-117.225373, 34.018715], [-117.225372, 34.004314], [-117.212372, 34.004215], [-117.201768, 33.993209], [-117.1972200000001, 33.990781], [-117.194561, 33.989811], [-117.1804180000001, 33.987812], [-117.155631, 33.981613], [-117.155667, 33.979683], [-117.15513, 33.97746], [-117.1552760000001, 33.975279], [-117.156471, 33.971173], [-117.157794, 33.969748], [-117.158282, 33.968231], [-117.159431, 33.966529], [-117.159056, 33.963055], [-117.158463, 33.96132], [-117.147606, 33.961262], [-117.147666, 33.953845], [-117.143267, 33.953821], [-117.143338, 33.950226], [-117.138947, 33.950219], [-117.139039, 33.939403], [-117.136952, 33.939259], [-117.132888, 33.938336], [-117.126789, 33.938186], [-117.124387, 33.932803], [-117.121221, 33.932856], [-117.1212610000001, 33.928676], [-117.118639, 33.926969], [-117.100366, 33.917573], [-117.09835, 33.915644], [-117.091599, 33.907253], [-117.0891100000001, 33.905254], [-117.088203, 33.904011], [-117.094681, 33.903949], [-117.094678, 33.903683], [-117.098419, 33.900734], [-117.1022770000001, 33.898525], [-117.102331, 33.903171], [-117.119751, 33.903124], [-117.119743, 33.902613], [-117.121095, 33.902609], [-117.121074, 33.895665], [-117.129805, 33.895565], [-117.129555, 33.886704], [-117.126881, 33.881717], [-117.125194, 33.879388], [-117.124031, 33.875031], [-117.1209180000001, 33.868873], [-117.121016, 33.85144], [-117.124417, 33.850072], [-117.135083, 33.841196], [-117.136883, 33.838322], [-117.142045, 33.832743], [-117.167042, 33.80122], [-117.165025, 33.80123], [-117.165069, 33.786736], [-117.1694590000001, 33.786699], [-117.169391, 33.772164], [-117.179975, 33.77215], [-117.180403, 33.757643], [-117.184692, 33.757674], [-117.184739, 33.754918], [-117.187173, 33.754948], [-117.187139, 33.753308], [-117.189173, 33.754443], [-117.1891880000001, 33.750342], [-117.1847690000001, 33.750327], [-117.184748, 33.745913], [-117.183955, 33.745911], [-117.1839370000001, 33.74636], [-117.182627, 33.746365], [-117.1826190000001, 33.746586], [-117.1804570000001, 33.746588], [-117.180444, 33.742963], [-117.184828, 33.742972], [-117.184744, 33.735657], [-117.19317, 33.735814], [-117.193301, 33.742995], [-117.2235210000001, 33.743034], [-117.223427, 33.727162], [-117.224397, 33.724479], [-117.223375, 33.724477], [-117.223303, 33.714066], [-117.236889, 33.714146], [-117.236241, 33.715468], [-117.231574, 33.71596], [-117.2315380000001, 33.7179], [-117.230548, 33.717902], [-117.23057, 33.720584], [-117.234139, 33.720537], [-117.233741, 33.7223], [-117.235459, 33.723265], [-117.240649, 33.721421], [-117.240639, 33.714146], [-117.258003, 33.714266], [-117.2582570000001, 33.735592], [-117.262413, 33.735621], [-117.262542, 33.742816], [-117.251764, 33.742988], [-117.251818, 33.746623], [-117.249474, 33.746621], [-117.249775, 33.756894], [-117.2495890000001, 33.772061], [-117.243725, 33.772009], [-117.243595, 33.775025], [-117.2440430000001, 33.779272], [-117.248488, 33.779283], [-117.251955, 33.77562], [-117.2567970000001, 33.773745], [-117.2593700000001, 33.772024], [-117.258956, 33.775669], [-117.258953, 33.782946], [-117.2612, 33.782887], [-117.26121, 33.786504], [-117.259018, 33.78652], [-117.259058, 33.790119], [-117.257364, 33.790132], [-117.257363, 33.793731], [-117.261257, 33.793733], [-117.261276, 33.808247], [-117.26746, 33.808391], [-117.267388, 33.80008], [-117.274342, 33.800078], [-117.27433, 33.801049], [-117.277401, 33.801095], [-117.277485, 33.805651], [-117.276109, 33.806292], [-117.278489, 33.810697], [-117.2791210000001, 33.814334], [-117.279878, 33.816576], [-117.2837600000001, 33.815903], [-117.285562, 33.816126], [-117.2880710000001, 33.815417], [-117.296123, 33.815369], [-117.296218, 33.820739], [-117.305186, 33.820631], [-117.305126, 33.822566], [-117.3072860000001, 33.822563], [-117.3073320000001, 33.829739], [-117.317511, 33.829735], [-117.3224150000001, 33.831803], [-117.322444, 33.835571], [-117.331068, 33.835879], [-117.33131, 33.858176], [-117.322645, 33.85827], [-117.322486, 33.86342], [-117.31962, 33.865685], [-117.3138620000001, 33.865746], [-117.313878, 33.873005], [-117.353309, 33.872611], [-117.353068, 33.87993], [-117.348761, 33.879921], [-117.348698, 33.880562], [-117.348752, 33.883593], [-117.35182, 33.883506], [-117.351694, 33.882801], [-117.353069, 33.882557], [-117.3530590000001, 33.88343], [-117.348914, 33.885929], [-117.346677, 33.886781], [-117.344508, 33.887141], [-117.3400800000001, 33.887181], [-117.340082, 33.887716], [-117.338563, 33.887727], [-117.3385600000001, 33.888194], [-117.338023, 33.888095], [-117.337888, 33.88884], [-117.338111, 33.889077], [-117.334483, 33.889131], [-117.334473, 33.887794], [-117.331311, 33.887905], [-117.3312370000001, 33.901913], [-117.383565, 33.901729], [-117.383798, 33.89865], [-117.3835820000001, 33.886798], [-117.407189, 33.886847], [-117.415398, 33.887216], [-117.438979, 33.886916], [-117.454204, 33.887535], [-117.454116, 33.888538], [-117.460794, 33.884695], [-117.464908, 33.889642], [-117.4708860000001, 33.887468], [-117.472699, 33.885895], [-117.471673, 33.884636], [-117.471331, 33.884802], [-117.471056, 33.884467], [-117.471177, 33.883297], [-117.47191, 33.882363], [-117.472164, 33.882693], [-117.473898, 33.883114], [-117.4759820000001, 33.881708], [-117.477467, 33.882257], [-117.477093, 33.883842], [-117.477316, 33.88466], [-117.479003, 33.885092], [-117.481212, 33.886805], [-117.482322, 33.886612], [-117.484336, 33.887373], [-117.486978, 33.887871], [-117.490431, 33.886794], [-117.491442, 33.888012], [-117.493884, 33.886203], [-117.495265, 33.884311], [-117.496703, 33.883705], [-117.4956930000001, 33.880838], [-117.495868, 33.879361], [-117.4963960000001, 33.878923], [-117.4969, 33.880783], [-117.497736, 33.87987], [-117.4976690000001, 33.879306], [-117.498109, 33.879197], [-117.497889, 33.878777], [-117.49813, 33.8775], [-117.4985700000001, 33.877264], [-117.498526, 33.876606], [-117.497559, 33.876516], [-117.497692, 33.875986], [-117.49943400000011, 33.874943], [-117.499361, 33.874309], [-117.502372, 33.87178], [-117.494115, 33.871851], [-117.494007, 33.866653], [-117.486248, 33.866518], [-117.487173, 33.865218], [-117.488739, 33.865286], [-117.489011, 33.864826], [-117.490549, 33.865048], [-117.4911560000001, 33.864771], [-117.491536, 33.864031], [-117.491086, 33.863697], [-117.490607, 33.86202], [-117.491148, 33.861765], [-117.489162, 33.861807], [-117.489131, 33.85901], [-117.489413, 33.858656], [-117.488724, 33.856491], [-117.487989, 33.856431], [-117.4861000000001, 33.857945], [-117.485366, 33.859175], [-117.479369, 33.861723], [-117.479382, 33.861345], [-117.4776630000001, 33.862552], [-117.475353, 33.86339], [-117.473272, 33.862949], [-117.471881, 33.860652], [-117.466968, 33.857834], [-117.46722, 33.856927], [-117.466778, 33.855295], [-117.466354, 33.854745], [-117.464767, 33.854657], [-117.463478, 33.85372], [-117.462754, 33.852531], [-117.462067, 33.850266], [-117.462082, 33.848903], [-117.461505, 33.847756], [-117.463747, 33.84475], [-117.463976, 33.84367], [-117.463347, 33.842516], [-117.461648, 33.841482], [-117.461043, 33.840717], [-117.461161, 33.839358], [-117.461923, 33.837072], [-117.460977, 33.834682], [-117.461255, 