{"name": "20", "region": {"lon_delta": 0.5586530000000067, "center_lon": -117.54939250000001, "lat_delta": 0.31325999999999965, "center_lat": 34.080973}, "chamber": "upper", "shape": [[[[-117.828589, 34.03786], [-117.820805, 34.051835], [-117.8172040000001, 34.050449], [-117.815786, 34.052971], [-117.821147, 34.055023], [-117.820831, 34.055332], [-117.812348, 34.061275], [-117.807881, 34.058441], [-117.80547, 34.059307], [-117.807159, 34.062138], [-117.8083500000001, 34.062912], [-117.811519, 34.063375], [-117.811777, 34.06306], [-117.813623, 34.063285], [-117.817207, 34.063117], [-117.819048, 34.063565], [-117.8115410000001, 34.064004], [-117.80729600000011, 34.065017], [-117.805291, 34.066194], [-117.804307, 34.067261], [-117.802851, 34.067351], [-117.8013550000001, 34.067877], [-117.798177, 34.069341], [-117.7982980000001, 34.069613], [-117.79788, 34.069476], [-117.795048, 34.070776], [-117.794873, 34.071296], [-117.7941610000001, 34.071625], [-117.7894760000001, 34.072893], [-117.787622, 34.073777], [-117.784721, 34.075825], [-117.781624, 34.076805], [-117.780548, 34.077576], [-117.77964, 34.079048], [-117.783878, 34.081026], [-117.780975, 34.083731], [-117.7820430000001, 34.085388], [-117.78408, 34.084901], [-117.785403, 34.085091], [-117.786821, 34.088345], [-117.785036, 34.088326], [-117.7842100000001, 34.088591], [-117.784038, 34.089071], [-117.780227, 34.088048], [-117.77681, 34.086166], [-117.7699250000001, 34.095848], [-117.766588, 34.09381], [-117.764266, 34.089417], [-117.762103, 34.092761], [-117.758545, 34.090405], [-117.7561340000001, 34.089966], [-117.755967, 34.098362], [-117.756436, 34.098661], [-117.756104, 34.0994], [-117.7562070000001, 34.110312], [-117.750614, 34.10851], [-117.750704, 34.10964], [-117.750051, 34.109636], [-117.750037, 34.1126], [-117.7485410000001, 34.1126], [-117.748528, 34.1108], [-117.742084, 34.110795], [-117.742103, 34.108628], [-117.741157, 34.108618], [-117.741163, 34.10811], [-117.7390110000001, 34.108137], [-117.7390560000001, 34.110699], [-117.736809, 34.110838], [-117.736794, 34.098858], [-117.732408, 34.098724], [-117.7323430000001, 34.090326], [-117.727981, 34.090424], [-117.727997, 34.079477], [-117.711067, 34.079536], [-117.704118, 34.09534], [-117.689631, 34.096744], [-117.689622, 34.093925], [-117.680932, 34.093907], [-117.680888, 34.087374], [-117.644697, 34.087491], [-117.641226, 34.087071], [-117.632997, 34.08695], [-117.63311, 34.093175], [-117.628572, 34.092558], [-117.628575, 34.09215], [-117.608812, 34.092061], [-117.605634, 34.088375], [-117.602722, 34.08362], [-117.6018030000001, 34.081291], [-117.601107, 34.077552], [-117.5240270000001, 34.07718], [-117.52384, 34.090405], [-117.5153320000001, 34.090498], [-117.514997, 34.099095], [-117.51539, 34.106347], [-117.51463, 34.106449], [-117.514541, 34.12146], [-117.513658, 34.121443], [-117.4786730000001, 34.150449], [-117.488102, 34.150533], [-117.488569, 34.166867], [-117.488541, 34.180147], [-117.465667, 34.180158], [-117.464906, 34.208162], [-117.43566200000011, 34.208234], [-117.435595, 34.213889], [-117.430012, 34.213432], [-117.4294170000001, 34.214136], [-117.429228, 34.214955], [-117.428519, 34.215507], [-117.428526, 34.216899], [-117.428951, 34.217442], [-117.4313350000001, 34.217509], [-117.432041, 34.217898], [-117.432815, 34.217731], [-117.433483, 34.21817], [-117.43417, 34.219663], [-117.433613, 34.220037], [-117.434929, 34.22045], [-117.435037, 34.221278], [-117.434715, 34.221939], [-117.4351850000001, 34.223299], [-117.435853, 34.223568], [-117.436776, 34.223064], [-117.437387, 34.224082], [-117.43891, 34.224043], [-117.439528, 34.224392], [-117.43972, 34.225176], [-117.44069, 34.226179], [-117.440187, 34.226848], [-117.440486, 34.227903], [-117.439308, 34.227667], [-117.44, 34.228426], [-117.428148, 34.228447], [-117.4243220000001, 34.226188], [-117.422395, 34.225651], [-117.426181, 34.230607], [-117.42555300000011, 34.23373], [-117.425578, 34.234203], [-117.426291, 34.234623], [-117.425075, 34.236869], [-117.424348, 34.237603], [-117.42255, 34.234957], [-117.41612, 34.230157], [-117.4117600000001, 34.228085], [-117.410647, 34.227034], [-117.4094120000001, 34.225106], [-117.407214, 34.224063], [-117.401751, 34.22222], [-117.401147, 34.222368], [-117.401205, 34.222888], [-117.3993990000001, 34.220606], [-117.3915530000001, 34.214459], [-117.363723, 34.19284], [-117.350247, 34.183473], [-117.34715, 34.18073], [-117.334797, 34.166427], [-117.332986, 34.165017], [-117.333981, 34.162966], [-117.335403, 34.161241], [-117.335483, 34.157788], [-117.331024, 34.153152], [-117.331132, 34.145762], [-117.332595, 34.145865], [-117.3326480000001, 34.144642], [-117.331877, 34.144656], [-117.332113, 34.141496], [-117.331111, 34.14149], [-117.331125, 34.136159], [-117.329044, 34.136735], [-117.3272560000001, 34.136189], [-117.322576, 34.136128], [-117.3225750000001, 34.127252], [-117.3186900000001, 34.127244], [-117.3187, 34.127906], [-117.313828, 34.12791], [-117.313843, 34.128673], [-117.311144, 34.12868], [-117.311159, 34.127772], [-117.304843, 34.127726], [-117.304857, 34.128399], [-117.302775, 34.128415], [-117.302393, 34.126057], [-117.3026540000001, 34.118351], [-117.302293, 34.117757], [-117.278782, 34.117673], [-117.278752, 34.051973], [-117.277779, 34.05192], [-117.277809, 34.048541], [-117.273538, 34.048457], [-117.273637, 34.044794], [-117.273101, 34.041253], [-117.270066, 34.041233], [-117.270529, 34.020855], [-117.271616, 34.020683], [-117.270773, 34.019844], [-117.270602, 34.018715], [-117.275195, 34.018628], [-117.296275, 34.019414], [-117.375416, 34.019399], [-117.375385, 34.025407], [-117.375802, 34.025964], [-117.377284, 34.026718], [-117.374323, 34.030632], [-117.374856, 34.030848], [-117.374856, 34.031523], [-117.375278, 34.031523], [-117.375278, 34.033875], [-117.39525, 34.033802], [-117.41448, 34.034313], [-117.492661, 34.033428], [-117.5583120000001, 34.033451], [-117.558377, 33.98842], [-117.593379, 33.97757], [-117.6103860000001, 33.971614], [-117.610485, 33.964413], [-117.610913, 33.960084], [-117.610947, 33.925114], [-117.655386, 33.925114], [-117.655375, 33.924343], [-117.6599690000001, 33.931254], [-117.659587, 33.931352], [-117.661362, 33.933284], [-117.6621910000001, 33.933768], [-117.672349, 33.94468], [-117.674634, 33.947795], [-117.67191, 33.947509], [-117.666502, 33.948985], [-117.669104, 33.952137], [-117.672409, 33.955249], [-117.673807, 33.957432], [-117.679316, 33.963677], [-117.6885800000001, 33.973288], [-117.691284, 33.97659], [-117.695321, 33.97943], [-117.695198, 33.980302], [-117.6958840000001, 33.980208], [-117.696802, 33.981356], [-117.69867, 33.982591], [-117.709159, 33.982727], [-117.715863, 33.989635], [-117.715068, 33.987747], [-117.7172280000001, 33.987789], [-117.71718, 33.986238], [-117.719507, 33.98623], [-117.7207930000001, 33.987362], [-117.720858, 33.989866], [-117.717366, 33.989891], [-117.717336, 33.991182], [-117.7207480000001, 33.995052], [-117.725113, 34.002394], [-117.733971, 34.011495], [-117.7328650000001, 34.011496], [-117.7374980000001, 34.014571], [-117.744066, 34.019808], [-117.767631, 34.023509], [-117.767752, 34.019429], [-117.785173, 34.027266], [-117.7851770000001, 34.032428], [-117.7924790000001, 34.037076], [-117.79567, 34.038292], [-117.798425, 34.040842], [-117.8016310000001, 34.042876], [-117.802444, 34.04097], [-117.805719, 34.037034], [-117.8107430000001, 34.029336], [-117.818321, 34.034422], [-117.821482, 34.03121], [-117.823832, 34.033476], [-117.825001, 34.032159], [-117.82457, 34.033689], [-117.824742, 34.034003], [-117.825347, 34.034004], [-117.82481, 34.036619], [-117.8251010000001, 34.036627], [-117.824606, 34.037615], [-117.828719, 34.037627], [-117.828589, 34.03786]]]], "abbr": "ca", "boundary_id": "sldu/ca-20", "num_seats": 1, "id": "ca-upper-20", "bbox": [[33.924343, -117.828719], [34.237603, -117.270066]]}