{"name": "39", "region": {"lon_delta": 0.4467649999999992, "center_lon": -117.1291055, "lat_delta": 0.5286590000000047, "center_lat": 32.8499215}, "chamber": "upper", "shape": [[[[-117.352488, 32.998675], [-117.309111, 33.009022], [-117.286761, 33.006999], [-117.280668, 33.007119], [-117.279456, 32.999272], [-117.277989, 32.999668], [-117.278252, 33.000745], [-117.277893, 33.001236], [-117.276506, 33.001681], [-117.27708, 33.002429], [-117.275974, 33.003338], [-117.276312, 33.004592], [-117.275724, 33.004653], [-117.27579, 33.004972], [-117.275546, 33.004626], [-117.2750190000001, 33.00462], [-117.274924, 33.00305], [-117.274297, 33.003101], [-117.2737070000001, 33.00567], [-117.2733860000001, 33.005654], [-117.2736440000001, 33.005143], [-117.273262, 33.004559], [-117.2726660000001, 33.004476], [-117.259318, 33.003993], [-117.26036, 33.00602], [-117.260134, 33.006153], [-117.261212, 33.007475], [-117.2607610000001, 33.007718], [-117.260486, 33.008533], [-117.2560950000001, 33.008316], [-117.24461600000011, 33.008584], [-117.244759, 33.006526], [-117.243759, 33.006444], [-117.2436830000001, 33.008602], [-117.242802, 33.008558], [-117.242802, 33.009371], [-117.239295, 33.009417], [-117.240015, 33.010693], [-117.238278, 33.011305], [-117.23365, 33.012009], [-117.232828, 33.013805], [-117.231007, 33.014994], [-117.229901, 33.01523], [-117.23003, 33.013793], [-117.228551, 33.012252], [-117.227068, 33.009659], [-117.225792, 33.008223], [-117.2246980000001, 33.008005], [-117.221752, 33.008522], [-117.2188680000001, 33.006496], [-117.21932, 33.005677], [-117.222429, 33.00434], [-117.2240230000001, 33.004188], [-117.2242300000001, 33.003402], [-117.221753, 33.003057], [-117.219642, 33.001911], [-117.21727, 33.001442], [-117.216711, 33.001865], [-117.215163, 33.001693], [-117.214315, 33.002693], [-117.213489, 33.002263], [-117.212313, 33.000901], [-117.210577, 33.000037], [-117.208354, 33.000844], [-117.206483, 32.999994], [-117.206585, 32.999351], [-117.205494, 32.999358], [-117.206006, 32.995951], [-117.205758, 32.994439], [-117.206221, 32.992965], [-117.207786, 32.989907], [-117.210206, 32.987317], [-117.2114750000001, 32.98534], [-117.196623, 32.984964], [-117.2044800000001, 32.97881], [-117.203214, 32.977579], [-117.200256, 32.977596], [-117.20016, 32.973989], [-117.1789190000001, 32.973952], [-117.178867, 32.970645], [-117.178512, 32.970648], [-117.17851, 32.970295], [-117.169866, 32.970231], [-117.169842, 32.973856], [-117.169269, 32.977448], [-117.144023, 32.978166], [-117.144021, 32.977542], [-117.140441, 32.97873], [-117.137505, 32.980113], [-117.136197, 32.981105], [-117.134744, 32.98285], [-117.13341, 32.983063], [-117.133004, 32.982701], [-117.130942, 32.982839], [-117.13094, 32.982491], [-117.1306, 32.982561], [-117.129527, 32.983724], [-117.129268, 32.984629], [-117.12925, 32.984], [-117.128137, 32.987507], [-117.12709, 32.988608], [-117.126312, 32.990366], [-117.12452400000011, 32.991072], [-117.122018, 32.993135], [-117.120994, 32.993007], [-117.120418, 32.993576], [-117.119637, 32.99365], [-117.119611, 32.994649], [-117.117266, 32.995547], [-117.1167360000001, 32.996335], [-117.115771, 32.996009], [-117.115078, 32.99677], [-117.109879, 32.997502], [-117.109832, 32.998379], [-117.109359, 32.998623], [-117.099623, 32.99799], [-117.095857, 33.012129], [-117.099013, 33.012316], [-117.089896, 33.049255], [-117.09477, 33.054995], [-117.101797, 33.059118], [-117.110272, 33.059202], [-117.109798, 33.061203], [-117.110951, 33.061339], [-117.111886, 33.061964], [-117.1128240000001, 33.063476], [-117.112713, 33.064854], [-117.111756, 33.066025], [-117.111793, 33.06675], [-117.1127280000001, 33.067956], [-117.113822, 33.06805], [-117.115006, 33.06675], [-117.115182, 33.066156], [-117.113951, 33.061197], [-117.113546, 33.060806], [-117.1132920000001, 33.058468], [-117.114011, 33.05446], [-117.113422, 33.054222], [-117.1137130000001, 33.053618], [-117.1141870000001, 33.053733], [-117.114591, 33.05343], [-117.115035, 33.05173], [-117.117201, 33.050218], [-117.118023, 33.048755], [-117.117212, 33.046704], [-117.117554, 33.04618], [-117.1183000000001, 33.047148], [-117.118419, 33.043824], [-117.132853, 33.04382], [-117.132205, 33.044903], [-117.130089, 33.04642], [-117.127549, 33.046911], [-117.1264400000001, 33.0477], [-117.125379, 33.047575], [-117.124435, 33.048769], [-117.123886, 33.048276], [-117.123479, 33.048318], [-117.123443, 33.049205], [-117.122137, 33.050117], [-117.120683, 33.054064], [-117.117976, 33.054499], [-117.118432, 33.055646], [-117.117606, 33.056317], [-117.11908, 33.058088], [-117.118522, 33.058831], [-117.118094, 33.060318], [-117.118896, 33.061134], [-117.118863, 33.062141], [-117.120133, 33.062576], [-117.119301, 33.064174], [-117.119465, 33.064643], [-117.120154, 33.065087], [-117.120195, 33.066224], [-117.118134, 33.070796], [-117.118072, 33.07701], [-117.117576, 33.077517], [-117.116057, 33.078108], [-117.115444, 33.079057], [-117.114789, 33.079006], [-117.11414500000011, 33.079891], [-117.106848, 33.073212], [-117.105891, 33.073875], [-117.105434, 33.071783], [-117.104144, 33.070772], [-117.103769, 33.070109], [-117.10185200000011, 33.069318], [-117.100499, 33.068073], [-117.100106, 33.068213], [-117.099859, 33.067773], [-117.098777, 33.067564], [-117.098569, 33.06732], [-117.0990270000001, 33.067285], [-117.098902, 33.065577], [-117.098486, 33.064531], [-117.097196, 33.064217], [-117.097404, 33.063799], [-117.0966140000001, 33.063311], [-117.094783, 33.06352], [-117.0954490000001, 33.062648], [-117.095282, 33.062021], [-117.095782, 33.061393], [-117.094122, 33.060483], [-117.093036, 33.060417], [-117.092121, 33.05972], [-117.0916210000001, 33.059754], [-117.091705, 33.059371], [-117.0905520000001, 33.057993], [-117.0879070000001, 33.057654], [-117.086313, 33.058588], [-117.08372, 33.060713], [-117.083355, 33.061728], [-117.081255, 33.063527], [-117.0820060000001, 33.064016], [-117.082248, 33.064703], [-117.080472, 33.063973], [-117.079806, 33.064078], [-117.079307, 33.06359], [-117.078808, 33.063694], [-117.079265, 33.063206], [-117.078724, 33.062125], [-117.077767, 33.061881], [-117.078059, 33.0608], [-117.074368, 33.060733], [-117.073253, 33.061324], [-117.073064, 33.061791], [-117.070917, 33.061917], [-117.070098, 33.062519], [-117.0700510000001, 33.062038], [-117.069345, 33.062098], [-117.0694900000001, 33.063225], [-117.070071, 33.063345], [-117.069572, 33.063973], [-117.070154, 33.065333], [-117.068365, 33.065472], [-117.067075, 33.067518], [-117.061126, 33.068261], [-117.0575070000001, 33.065542], [-117.0575070000001, 33.063973], [-117.058089, 33.062474], [-117.056626, 33.061954], [-117.05343, 33.061567], [-117.05447, 33.060208], [-117.051266, 33.05965], [-117.050174, 33.058972], [-117.048724, 33.059426], [-117.044549, 33.05949], [-117.042968, 33.06029], [-117.042626, 33.061277], [-117.0412340000001, 33.061027], [-117.040127, 33.061662], [-117.039574, 33.062418], [-117.040002, 33.062776], [-117.039172, 33.062607], [-117.0388460000001, 33.062881], [-117.038091, 33.064735], [-117.038494, 33.065262], [-117.039876, 33.06562], [-117.039172, 33.066231], [-117.041133, 33.067389], [-117.047361, 33.067936], [-117.046051, 33.071508], [-117.042808, 33.072015], [-117.038747, 33.073617], [-117.037816, 33.074218], [-117.038025, 33.074716], [-117.0373900000001, 33.075312], [-117.037596, 33.075729], [-117.037125, 33.075722], [-117.037232, 33.076065], [-117.036352, 33.075605], [-117.03605, 33.07689], [-117.035659, 33.077034], [-117.035074, 33.078133], [-117.035351, 33.079018], [-117.036733, 33.079502], [-117.036004, 33.080155], [-117.036105, 33.081967], [-117.035704, 33.082009], [-117.035376, 33.08321], [-117.034999, 33.083378], [-117.03437, 33.082957], [-117.03344200000011, 33.082941], [-117.032071, 33.083749], [-117.030525, 33.085969], [-117.030192, 33.087183], [-117.0304370000001, 33.087691], [-117.0300110000001, 33.087738], [-117.029674, 33.086957], [-117.028743, 33.086478], [-117.028238, 33.085633], [-117.0263750000001, 