{"name": "27", "region": {"lon_delta": 0.6021610000000095, "center_lon": -118.7672545, "lat_delta": 0.49617800000000045, "center_lat": 34.194994}, "chamber": "upper", "shape": [[[[-119.068335, 34.094551], [-119.068167, 34.095241], [-119.066241, 34.096813], [-119.0640400000001, 34.097456], [-119.06217, 34.097379], [-119.0615540000001, 34.097829], [-119.0613220000001, 34.098486], [-119.0613610000001, 34.100489], [-119.0638050000001, 34.101678], [-119.0630150000001, 34.103826], [-119.063946, 34.104763], [-119.0661360000001, 34.105795], [-119.06665, 34.107013], [-119.067133, 34.107346], [-119.066344, 34.107859], [-119.0650090000001, 34.109879], [-119.063861, 34.110585], [-119.062553, 34.110351], [-119.0618630000001, 34.112676], [-119.060219, 34.112779], [-119.057399, 34.114299], [-119.054684, 34.114845], [-119.0516460000001, 34.11601], [-119.048988, 34.115914], [-119.047228, 34.116324], [-119.045945, 34.11746], [-119.044957, 34.117733], [-119.044426, 34.118851], [-119.042574, 34.120978], [-119.04158100000011, 34.123544], [-119.0429060000001, 34.125267], [-119.042348, 34.126131], [-119.03958, 34.127486], [-119.039169, 34.128566], [-119.0377890000001, 34.129946], [-119.0345800000001, 34.13169], [-119.034211, 34.132274], [-119.032119, 34.132961], [-119.027896, 34.135261], [-119.026205, 34.136837], [-119.023382, 34.140642], [-119.019015, 34.14536], [-119.019491, 34.147078], [-119.016203, 34.147846], [-119.010893, 34.14829], [-119.00822, 34.148451], [-119.006177, 34.147926], [-119.004242, 34.1483], [-119.000974, 34.151886], [-119.000329, 34.151665], [-118.9981240000001, 34.152021], [-118.994451, 34.152948], [-118.991983, 34.152909], [-118.990026, 34.153452], [-118.988347, 34.154367], [-118.9881, 34.156121], [-118.9893270000001, 34.156186], [-118.99095, 34.158086], [-118.9904530000001, 34.159465], [-118.9908010000001, 34.16122], [-118.992317, 34.161998], [-118.993372, 34.162158], [-118.9964070000001, 34.161271], [-118.997237, 34.161302], [-118.998341, 34.161733], [-118.9992050000001, 34.162565], [-119.000741, 34.165029], [-119.000064, 34.1664], [-119.000804, 34.167022], [-119.000767, 34.16849], [-119.001563, 34.169107], [-119.000641, 34.169821], [-119.001407, 34.170173], [-119.001163, 34.170676], [-119.0011030000001, 34.170219], [-119.00033, 34.170492], [-118.998821, 34.169904], [-118.997941, 34.170641], [-118.998035, 34.170971], [-118.99734, 34.17134], [-118.996832, 34.172152], [-118.996692, 34.173126], [-118.995241, 34.173999], [-118.992196, 34.174457], [-118.9920950000001, 34.177531], [-118.990604, 34.178115], [-118.989652, 34.179773], [-118.9895910000001, 34.18056], [-118.990298, 34.181886], [-118.989297, 34.182529], [-118.986497, 34.183345], [-118.9856130000001, 34.184914], [-118.985822, 34.187067], [-118.985414, 34.188228], [-118.984309, 34.187897], [-118.98347, 34.185952], [-118.982144, 34.185024], [-118.981636, 34.183919], [-118.9796110000001, 34.183054], [-118.977036, 34.183259], [-118.9756450000001, 34.184285], [-118.9737530000001, 34.18449], [-118.966861, 34.187676], [-118.966921, 34.190228], [-118.965946, 34.193513], [-118.9644370000001, 34.195065], [-118.964587, 34.198853], [-118.958665, 34.200179], [-118.9584, 34.20118], [-118.959412, 34.201701], [-118.960676, 34.201029], [-118.96162, 34.201317], [-118.961908, 34.201717], [-118.9631880000001, 34.201973], [-118.963364, 34.201605], [-118.964036, 34.201733], [-118.964228, 34.201429], [-118.966308, 34.201781], [-118.967044, 34.202645], [-118.968308, 34.202613], [-118.969044, 34.201957], [-118.96954, 34.202229], [-118.970084, 34.201925], [-118.973248, 34.202272], [-118.973981, 34.201769], [-118.976934, 34.201629], [-118.978022, 34.202152], [-118.978077, 34.202727], [-118.978807, 34.202876], [-118.9790610000001, 34.203332], [-118.979315, 34.203137], [-118.98251, 34.205254], [-118.982384, 34.205893], [-118.9844420000001, 34.206421], [-118.986031, 34.211065], [-118.989033, 34.213904], [-118.976033, 34.227104], [-118.971533, 34.228204], [-118.970933, 34.230604], [-118.972876, 34.23332], [-118.969043, 34.23554], [-118.967456, 34.237313], [-118.964936, 34.237526], [-118.965327, 34.239808], [-118.96704, 34.243009], [-118.969893, 34.2461], [-118.98864, 34.244952], [-118.996864, 34.244095], [-118.996428, 34.245292], [-118.995071, 34.245083], [-118.998363, 34.246878], [-119.002734, 34.245604], [-119.005024, 34.245299], [-119.005248, 34.245835], [-119.006099, 34.245499], [-119.005906, 34.245181], [-119.007234, 34.245004], [-119.007289, 34.244566], [-119.008289, 34.244974], [-119.007008, 34.246592], [-119.005585, 34.247757], [-118.980533, 34.263803], [-118.9804330000001, 34.262803], [-118.978709, 34.263246], [-118.973676, 34.263353], [-118.970334, 34.262027], [-118.968468, 34.260897], [-118.964303, 34.260717], [-118.96261, 34.261112], [-118.959009, 34.262725], [-118.957837, 34.264213], [-118.9569910000001, 34.264751], [-118.954365, 34.265593], [-118.9530630000001, 34.266489], [-118.9489, 34.268254], [-118.947367, 34.268349], [-118.943201, 34.26768], [-118.93973, 34.268326], [-118.935217, 34.268349], [-118.933452, 34.268732], [-118.9306320000001, 34.270203], [-118.932981, 34.273103], [-118.930614, 34.274175], [-118.9361870000001, 34.28394], [-118.93532, 34.287747], [-118.924059, 34.292979], [-118.920475, 34.295798], [-118.916258, 34.297634], [-118.91228, 34.302107], [-118.911315, 34.304381], [-118.9096810000001, 34.306692], [-118.909727, 34.31521], [-118.91511, 34.315214], [-118.915078, 34.323091], [-118.91462, 34.323887], [-118.915468, 34.324099], [-118.916073, 34.324986], [-118.91577, 34.326118], [-118.914919, 34.327153], [-118.9147880000001, 34.328597], [-118.915654, 34.328697], [-118.915482, 34.329593], [-118.915968, 34.331692], [-118.916731, 34.33319], [-118.91875, 34.335778], [-118.9191780000001, 34.337178], [-118.913936, 34.336665], [-118.909386, 34.336705], [-118.904938, 34.337748], [-118.8968810000001, 34.341253], [-118.894595, 34.341664], [-118.89115, 34.340973], [-118.8888440000001, 34.343374], [-118.887746, 34.345565], [-118.887491, 34.346353], [-118.887678, 34.349396], [-118.8873820000001, 34.35058], [-118.8863130000001, 34.354465], [-118.885133, 34.355709], [-118.8831660000001, 34.356218], [-118.879875, 34.356112], [-118.877207, 34.35535], [-118.8724380000001, 34.352814], [-118.870956, 34.353279], [-118.870252, 34.354307], [-118.86931200000011, 34.354773], [-118.867383, 34.354916], [-118.86231, 34.357248], [-118.856977, 34.358703], [-118.844608, 34.357343], [-118.841184, 34.357983], [-118.83824, 34.359215], [-118.836752, 34.359486], [-118.828073, 34.359028], [-118.821159, 34.357772], [-118.8144460000001, 34.359926], [-118.813663, 34.360464], [-118.811481, 34.363054], [-118.81195, 34.36431], [-118.811792, 34.36501], [-118.811234, 34.364509], [-118.808921, 34.364978], [-118.80846, 34.365805], [-118.808768, 34.366966], [-118.808577, 34.367268], [-118.805162, 34.367028], [-118.804174, 34.365868], [-118.801606, 34.364751], [-118.80041, 34.365607], [-118.799006, 34.365312], [-118.798334, 34.36475], [-118.799039, 34.362686], [-118.7986870000001, 34.36187], [-118.796579, 34.362402], [-118.7961310000001, 34.363025], [-118.794355, 34.3639], [-118.793121, 34.363978], [-118.791791, 34.36471], [-118.789435, 34.365264], [-118.787661, 34.366268], [-118.784662, 34.366659], [-118.7836140000001, 34.365887], [-118.781453, 34.365526], [-118.779348, 34.367315], [-118.776795, 34.368153], [-118.774133, 34.368278], [-118.7725920000001, 34.369035], [-118.77218, 34.369671], [-118.770831, 34.369793], [-118.769828, 34.370454], [-118.768104, 34.369367], [-118.767263, 34.369451], [-118.76606, 34.370178], [-118.765302, 34.371352], [-118.763594, 34.37158], [-118.762902, 34.372722], [-118.762565, 34.371675], [-118.761417, 34.371188], [-118.758694, 34.372313], [-118.7575620000001, 34.372275], [-118.756315, 34.373467], [-118.75433100000011, 34.372573], [-118.752499, 34.370973], [-118.751426, 34.371141], [-118.750109, 34.370489], [-118.74997, 34.370145], [-118.750484, 34.369342], [-118.750217, 34.368882], [-118.749861, 34.369505], 