{"name": "36", "region": {"lon_delta": 0.5843650000000054, "center_lon": -117.47537249999999, "lat_delta": 0.7601259999999996, "center_lat": 33.378738}, "chamber": "upper", "shape": [[[[-117.767555, 33.45034], [-117.731927, 33.483182], [-117.7322110000001, 33.494157], [-117.732098, 33.494515], [-117.731567, 33.494449], [-117.731136, 33.495053], [-117.7320100000001, 33.49538], [-117.7320220000001, 33.498233], [-117.7345650000001, 33.498156], [-117.734831, 33.498831], [-117.734509, 33.499697], [-117.73456, 33.502808], [-117.7332130000001, 33.502813], [-117.7345380000001, 33.504664], [-117.735598, 33.50471], [-117.73617, 33.505524], [-117.737823, 33.505539], [-117.737406, 33.505717], [-117.7374, 33.506043], [-117.738821, 33.507568], [-117.738215, 33.508175], [-117.7372160000001, 33.508015], [-117.735632, 33.507121], [-117.7347120000001, 33.508022], [-117.734867, 33.508918], [-117.734336, 33.509848], [-117.735519, 33.509436], [-117.736158, 33.509572], [-117.7366360000001, 33.510019], [-117.736697, 33.511321], [-117.738857, 33.510759], [-117.74029, 33.511245], [-117.74023, 33.511723], [-117.739203, 33.512208], [-117.739169, 33.512811], [-117.736678, 33.512813], [-117.733514, 33.521026], [-117.738257, 33.532475], [-117.738454, 33.533625], [-117.737849, 33.534885], [-117.737001, 33.539551], [-117.735347, 33.541562], [-117.734677, 33.540309], [-117.7316440000001, 33.539876], [-117.7307430000001, 33.540101], [-117.728653, 33.539676], [-117.728248, 33.538694], [-117.726665, 33.538675], [-117.724672, 33.541856], [-117.722442, 33.543557], [-117.721266, 33.543391], [-117.719498, 33.549408], [-117.721145, 33.550725], [-117.722443, 33.549457], [-117.722469, 33.548842], [-117.72345, 33.548217], [-117.723479, 33.547389], [-117.72454, 33.545853], [-117.7253620000001, 33.545666], [-117.726094, 33.544606], [-117.728613, 33.545108], [-117.7286110000001, 33.546364], [-117.7293080000001, 33.54659], [-117.7293080000001, 33.545685], [-117.732888, 33.546877], [-117.733494, 33.546686], [-117.733822, 33.546125], [-117.734674, 33.546016], [-117.735854, 33.547246], [-117.736214, 33.547205], [-117.7364110000001, 33.546262], [-117.737394, 33.545784], [-117.738558, 33.545975], [-117.738542, 33.546863], [-117.73905, 33.547711], [-117.738853, 33.548517], [-117.739279, 33.549241], [-117.739115, 33.549501], [-117.738476, 33.549159], [-117.7378860000001, 33.549337], [-117.738689, 33.550635], [-117.737608, 33.551496], [-117.739115, 33.552234], [-117.738886, 33.552712], [-117.739312, 33.552999], [-117.739148, 33.55345], [-117.739623, 33.553874], [-117.740017, 33.5533], [-117.740917, 33.553418], [-117.740244, 33.554912], [-117.74236, 33.554338], [-117.742278, 33.556205], [-117.7445600000001, 33.558771], [-117.743844, 33.560057], [-117.745336, 33.559672], [-117.745718, 33.56079], [-117.746756, 33.561858], [-117.746336, 33.568402], [-117.745422, 33.569312], [-117.745412, 33.569976], [-117.745584, 33.570554], [-117.746367, 33.570361], [-117.7464640000001, 33.575882], [-117.747488, 33.576125], [-117.747666, 33.576615], [-117.747659, 33.5807], [-117.748038, 33.583049], [-117.7500610000001, 33.583988], [-117.7500670000001, 33.586206], [-117.7533870000001, 33.58794], [-117.753982, 33.587132], [-117.754731, 33.587659], [-117.7529700000001, 33.59007], [-117.75038, 33.59211], [-117.74888, 33.59513], [-117.747973, 33.597976], [-117.747785, 33.597883], [-117.747085, 33.599067], [-117.742323, 33.603165], [-117.739841, 33.606861], [-117.737201, 33.608029], [-117.734153, 33.608847], [-117.735407, 33.60244], [-117.734537, 33.600068], [-117.732592, 33.600052], [-117.732869, 33.602651], [-117.73227, 33.60338], [-117.73209, 33.60456], [-117.73245, 33.60569], [-117.732352, 33.606763], [-117.725469, 33.606818], [-117.7255820000001, 33.603905], [-117.724595, 33.602906], [-117.7231290000001, 33.602974], [-117.723227, 33.599165], [-117.722128, 33.598427], [-117.722551, 33.598771], [-117.72283, 33.60051], [-117.72285, 33.60361], [-117.72261, 33.60389], [-117.723228, 33.60402], [-117.72319, 33.60453], [-117.724704, 33.606479], [-117.723539, 33.607393], [-117.72168, 33.606312], [-117.71892, 33.6025], [-117.7174540000001, 33.601298], [-117.716574, 33.598087], [-117.7076660000001, 33.594379], [-117.706313, 33.593437], [-117.70137, 33.59574], [-117.7014000000001, 33.59814], [-117.7028200000001, 33.60353], [-117.70341, 33.60458], [-117.70597, 33.60652], [-117.71068, 33.6077], [-117.7124100000001, 33.60936], [-117.71288, 33.61077], [-117.71285, 33.61339], [-117.7123200000001, 33.61403], [-117.71027, 33.61514], [-117.7112000000001, 33.61608], [-117.7117700000001, 33.61809], [-117.714554, 33.621189], [-117.73132, 33.6211], [-117.7315200000001, 33.61976], [-117.7310700000001, 33.61733], [-117.735328, 33.617568], [-117.73817, 33.61627], [-117.73728, 33.61449], [-117.73663, 33.61397], [-117.7370300000001, 33.61346], [-117.73842, 33.61321], [-117.739301, 33.61412], [-117.741039, 33.614808], [-117.740973, 33.615834], [-117.74354, 33.6148], [-117.7438700000001, 33.61585], [-117.7432900000001, 33.6174], [-117.74399, 33.61916], [-117.74335, 33.62101], [-117.746969, 33.621193], [-117.743363, 33.625225], [-117.741439, 33.631086], [-117.73464200000011, 33.629986], [-117.7202, 33.62828], [-117.70931, 33.61646], [-117.7043900000001, 33.61218], [-117.7010700000001, 33.60989], [-117.6945000000001, 33.606985], [-117.6928340000001, 33.609395], [-117.692847, 33.610879], [-117.69359, 33.611456], [-117.694733, 33.611775], [-117.695213, 33.612254], [-117.6953620000001, 33.613224], [-117.695724, 33.613389], [-117.69368, 33.61635], [-117.69241, 33.61748], [-117.68829, 33.619757], [-117.68653, 33.62184], [-117.679799, 33.627676], [-117.67981, 33.6284], [-117.67886, 33.62978], [-117.67781, 33.63034], [-117.6773, 33.63103], [-117.6753290000001, 33.631978], [-117.664873, 33.641112], [-117.66252, 33.641803], [-117.6605030000001, 33.644201], [-117.659896, 33.645353], [-117.6594790000001, 33.647533], [-117.655447, 33.654385], [-117.651179, 33.656898], [-117.647853, 33.658258], [-117.6424260000001, 33.659481], [-117.641853, 33.660801], [-117.642418, 33.662048], [-117.637695, 33.662788], [-117.6252520000001, 33.671471], [-117.624573, 33.672249], [-117.623032, 33.67524], [-117.622559, 33.678169], [-117.62056, 33.68327], [-117.62118, 33.68729], [-117.62183, 33.68834], [-117.62266, 33.688958], [-117.625725, 33.688468], [-117.626045, 33.689778], [-117.626848, 33.691175], [-117.62885, 33.69339], [-117.63198, 33.69534], [-117.63430000000011, 33.69789], [-117.63786, 33.69881], [-117.63917, 33.69948], [-117.641724, 33.70224], [-117.642151, 33.706341], [-117.6448210000001, 33.71061], [-117.64522, 33.71292], [-117.6462, 33.71541], [-117.64628, 33.71774], [-117.64821, 33.72157], [-117.64849, 33.72397], [-117.65092, 33.73076], [-117.65174, 33.73253], [-117.6541380000001, 33.734733], [-117.651347, 33.735952], [-117.649786, 33.735955], [-117.652001, 33.74216], [-117.65291, 33.743045], [-117.651459, 33.743794], [-117.65239, 33.74523], [-117.6494280000001, 33.745989], [-117.645809, 33.746129], [-117.6420600000001, 33.74786], [-117.6405100000001, 33.74812], [-117.63581, 33.74648], [-117.6341900000001, 33.74649], [-117.63241, 33.74726], [-117.62789000000011, 33.74613], [-117.62559, 33.74688], [-117.623412, 33.747136], [-117.62326, 33.746582], [-117.6225, 33.746456], [-117.618381, 33.746371], [-117.6138030000001, 33.74761], [-117.61119, 33.74649], [-117.60954, 33.74637], [-117.60851, 33.74583], [-117.6070600000001, 33.74627], [-117.60391, 33.74635], [-117.60126, 33.74586], [-117.5998600000001, 33.74662], [-117.59826, 33.74592], [-117.59745, 33.74622], [-117.58979, 33.74601], [-117.58874, 33.74624], [-117.58696, 33.74617], [-117.5856100000001, 33.74563], [-117.5841900000001, 33.74646], [-117.582874, 33.748016], [-117.5833460000001, 33.748406], [-117.584893, 33.747978], [-117.5862610000001, 33.749771], [-117.58653, 33.748271], [-117.587044, 33.747735], [-117.587657, 33.749931], [-117.587857, 33.749996], [-117.588209, 33.748962], [-117.589046, 33.748925], [-117.589249, 