{"name": "18", "region": {"lon_delta": 0.20946100000000456, "center_lon": -118.4423645, "lat_delta": 0.21823599999999743, "center_lat": 34.228188}, "chamber": "upper", "shape": [[[[-118.547095, 34.313346], [-118.5455110000001, 34.315658], [-118.546296, 34.317332], [-118.534011, 34.314531], [-118.5038100000001, 34.337306], [-118.492718, 34.330623], [-118.472339, 34.330118], [-118.419983, 34.329879], [-118.419985, 34.329164], [-118.419464, 34.329163], [-118.419462, 34.32988], [-118.41901, 34.329881], [-118.4186370000001, 34.329433], [-118.418213, 34.32949], [-118.419456, 34.327926], [-118.420741, 34.327723], [-118.420751, 34.325573], [-118.419051, 34.325656], [-118.415894, 34.324487], [-118.413591, 34.32469], [-118.413591, 34.325103], [-118.412207, 34.325904], [-118.413585, 34.327408], [-118.413579, 34.329881], [-118.405202, 34.329811], [-118.404912, 34.322077], [-118.40272, 34.321299], [-118.400663, 34.319542], [-118.39626, 34.31986], [-118.396278, 34.31807], [-118.396524, 34.318071], [-118.39653, 34.317419], [-118.397279, 34.317115], [-118.400786, 34.316436], [-118.400904, 34.310027], [-118.401079, 34.309722], [-118.401836, 34.309877], [-118.403016, 34.309389], [-118.403324, 34.310024], [-118.403881, 34.31005], [-118.404114, 34.309038], [-118.403566, 34.30897], [-118.403751, 34.307917], [-118.405469, 34.307912], [-118.4056000000001, 34.300726], [-118.401052, 34.30067], [-118.401205, 34.297065], [-118.40346, 34.297106], [-118.403508, 34.293513], [-118.409072, 34.293659], [-118.40896, 34.291808], [-118.410348, 34.291968], [-118.410294, 34.291071], [-118.4094, 34.289012], [-118.406168, 34.285927], [-118.4015880000001, 34.286423], [-118.401143, 34.28845], [-118.400821, 34.288445], [-118.400906, 34.290143], [-118.4002320000001, 34.292572], [-118.399814, 34.29342], [-118.396984, 34.293348], [-118.3967430000001, 34.296983], [-118.393711, 34.296979], [-118.3936350000001, 34.298788], [-118.387396, 34.29878], [-118.38739, 34.296963], [-118.382878, 34.296956], [-118.382951, 34.29333], [-118.382371, 34.293329], [-118.382372, 34.291526], [-118.386911, 34.291494], [-118.386916, 34.289734], [-118.3846190000001, 34.289731], [-118.384618, 34.288175], [-118.385762, 34.284817], [-118.381859, 34.283897], [-118.3771030000001, 34.283364], [-118.374801, 34.28366], [-118.374675, 34.282827], [-118.3738040000001, 34.282829], [-118.3735190000001, 34.283332], [-118.373517, 34.286146], [-118.3698380000001, 34.286127], [-118.370273, 34.285227], [-118.370481, 34.283554], [-118.371078, 34.282603], [-118.36988, 34.282599], [-118.370176, 34.281898], [-118.370754, 34.282117], [-118.371173, 34.280029], [-118.3709400000001, 34.27872], [-118.371614, 34.277198], [-118.372693, 34.276202], [-118.373013, 34.273902], [-118.359017, 34.272893], [-118.358346, 34.271569], [-118.35619, 34.271992], [-118.3561760000001, 34.272515], [-118.345081, 34.271073], [-118.342795, 34.27053], [-118.34641, 34.269413], [-118.347561, 34.268286], [-118.348554, 34.267862], [-118.350248, 34.265867], [-118.352943, 34.266058], [-118.354051, 34.266725], [-118.354206, 34.265928], [-118.364179, 34.266174], [-118.365479, 34.265971], [-118.368812, 34.263374], [-118.371198, 34.260326], [-118.371113, 34.263202], [-118.372113, 34.261302], [-118.373313, 34.260302], [-118.380214, 34.259502], [-118.38602900000011, 34.260581], [-118.387614, 34.256714], [-118.387341, 34.256672], [-118.3900500000001, 34.252205], [-118.366475, 34.22992], [-118.361797, 34.224965], [-118.358815, 34.222203], [-118.357698, 34.221595], [-118.357311, 34.221862], [-118.3546000000001, 34.218867], [-118.354513, 34.218394], [-118.3547680000001, 34.218239], [-118.352219, 34.215746], [-118.348445, 34.212845], [-118.348501, 34.212309], [-118.345304, 34.209505], [-118.343007, 34.206557], [-118.350369, 34.206672], [-118.348672, 34.205504], [-118.348929, 34.205367], [-118.364326, 34.215687], [-118.362197, 34.201298], [-118.370312, 34.201197], [-118.370313, 34.196379], [-118.354192, 34.193265], [-118.354139, 34.193725], [-118.353728, 34.193486], [-118.353395, 34.19379], [-118.35384, 34.193193], [-118.349479, 34.192359], [-118.34916, 34.19203], [-118.349321, 34.174994], [-118.349042, 34.174591], [-118.35008, 34.174218], [-118.34200200000011, 34.15756], [-118.3408850000001, 34.157936], [-118.339005, 34.153913], [-118.337663, 34.153328], [-118.338643, 34.152381], [-118.337634, 34.150993], [-118.34121, 34.149971], [-118.342076, 34.148985], [-118.342084, 34.148205], [-118.340901, 34.145455], [-118.345691, 34.142572], [-118.3450380000001, 34.142446], [-118.3432300000001, 34.138214], [-118.344028, 34.137849], [-118.344424, 34.136801], [-118.344213, 34.136061], [-118.345861, 34.134677], [-118.346564, 34.134646], [-118.346714, 34.133891], [-118.347774, 34.133465], [-118.347462, 34.133144], [-118.348453, 34.132885], [-118.348657, 34.132464], [-118.348405, 34.131988], [-118.3487750000001, 34.131386], [-118.351592, 34.13411], [-118.352017, 34.134203], [-118.35286, 34.132097], [-118.355883, 34.132872], [-118.356421, 34.132119], [-118.3566660000001, 34.132578], [-118.3580560000001, 34.133237], [-118.358706, 34.13275], [-118.359277, 34.133087], [-118.360041, 34.133003], [-118.360109, 34.132579], [-118.361198, 34.13184], [-118.361537, 34.131143], [-118.36338, 34.131998], [-118.362975, 34.131188], [-118.36192, 34.130236], [-118.360444, 34.130437], [-118.360761, 34.130019], [-118.362328, 34.129476], [-118.362988, 34.129943], [-118.363259, 34.129785], [-118.362445, 34.129213], [-118.361053, 34.129359], [-118.360487, 34.128561], [-118.359803, 34.128441], [-118.359913, 34.127629], [-118.360349, 34.127348], [-118.361431, 34.128208], [-118.3633200000001, 34.128236], [-118.365478, 34.128912], [-118.366789, 34.12894], [-118.36761, 34.129414], [-118.36958, 34.129215], [-118.370016, 34.129838], [-118.370987, 34.130023], [-118.37223, 34.13103], [-118.3733390000001, 34.131017], [-118.373536, 34.130643], [-118.371836, 34.128792], [-118.371992, 34.128187], [-118.3713240000001, 34.126779], [-118.372478, 34.126381], [-118.373342, 34.126849], [-118.373967, 34.126628], [-118.374722, 34.124789], [-118.374748, 34.123898], [-118.375807, 34.123075], [-118.375524, 34.1222], [-118.375733, 34.121915], [-118.379715, 34.122572], [-118.380765, 34.123076], [-118.3815380000001, 34.122393], [-118.382568, 34.122607], [-118.383292, 34.122117], [-118.384992, 34.122162], [-118.386146, 34.121553], [-118.386687, 34.121856], [-118.387391, 34.123269], [-118.389085, 34.123259], [-118.3927740000001, 34.121238], [-118.393229, 34.120105], [-118.394069, 34.120266], [-118.39644, 34.11907], [-118.3975980000001, 34.119197], [-118.398171, 34.119876], [-118.398168, 34.1215], [-118.39877, 34.121793], [-118.399013, 34.122448], [-118.400895, 34.124119], [-118.401945, 34.124471], [-118.403013, 34.125309], [-118.403916, 34.127846], [-118.406189, 34.127528], [-118.406956, 34.129049], [-118.407453, 34.12943], [-118.4089960000001, 34.1297], [-118.412117, 34.129568], [-118.413195, 34.128945], [-118.414011, 34.128983], [-118.414578, 34.126961], [-118.415438, 34.126412], [-118.416805, 34.127203], [-118.418044, 34.127115], [-118.41948, 34.12763], [-118.420767, 34.128467], [-118.421399, 34.129898], [-118.424641, 34.130203], [-118.4267830000001, 34.131213], [-118.429373, 34.131329], [-118.430088, 34.132063], [-118.43103, 34.131666], [-118.431753, 34.131961], [-118.432886, 34.131831], [-118.434981, 34.130579], [-118.438461, 34.131599], [-118.439414, 34.131208], [-118.440599, 34.131513], [-118.443366, 34.130306], [-118.446366, 34.130521], [-118.448692, 34.131266], [-118.449559, 34.131869], [-118.453131, 34.131989], [-118.4546420000001, 34.132889], [-118.4555280000001, 34.132908], [-118.4591250000001, 34.130516], [-118.460759, 34.130331], [-118.462952, 34.131075], [-118.464081, 34.130133], [-118.465581, 34.130221], [-118.467482, 34.129375], [-118.468966, 34.129585], [-118.4697830000001, 34.130272], [-118.4707860000001, 34.130065], [-118.471544, 34.129567], [-118.473636, 34.126825], [-118.475744, 34.12634], [-118.4742750000001, 34.128669], 