{"name": "30", "region": {"lon_delta": 0.21793399999990015, "center_lon": -118.34702800000005, "lat_delta": 0.1418910000000011, "center_lat": 33.9933785}, "chamber": "upper", "shape": [[[[-118.455995, 34.00999], [-118.446906, 34.014557], [-118.443517, 34.016576], [-118.452974, 34.028011], [-118.437894, 34.035589], [-118.439753, 34.039088], [-118.446553, 34.047], [-118.434125, 34.05076], [-118.414344, 34.064324], [-118.413514, 34.063165], [-118.414166, 34.062841], [-118.412204, 34.060101], [-118.4115510000001, 34.060425], [-118.4060230000001, 34.052666], [-118.405484, 34.052847], [-118.406122, 34.054145], [-118.405285, 34.054402], [-118.405452, 34.054861], [-118.405929, 34.05483], [-118.405922, 34.057104], [-118.4032610000001, 34.056831], [-118.402463, 34.057099], [-118.40218300000011, 34.057099], [-118.4022700000001, 34.056886], [-118.400751, 34.057098], [-118.400785, 34.056867], [-118.4002820000001, 34.057097], [-118.400044, 34.056855], [-118.399713, 34.057096], [-118.383666, 34.057099], [-118.383704, 34.054766], [-118.366639, 34.051502], [-118.3665, 34.05236], [-118.363818, 34.058183], [-118.363018, 34.058049], [-118.359096, 34.055501], [-118.347898, 34.051443], [-118.347105, 34.05346], [-118.3408400000001, 34.053305], [-118.335381, 34.052739], [-118.333728, 34.056905], [-118.32791, 34.055256], [-118.327322, 34.054384], [-118.3227200000001, 34.052635], [-118.323178, 34.051778], [-118.320078, 34.051341], [-118.316266, 34.050247], [-118.317705, 34.046631], [-118.317685, 34.036589], [-118.311471, 34.037046], [-118.286643, 34.036784], [-118.284009, 34.037034], [-118.284128, 34.047283], [-118.282696, 34.047253], [-118.272749, 34.042761], [-118.2704030000001, 34.045424], [-118.259652, 34.052097], [-118.255897, 34.056087], [-118.253401, 34.054434], [-118.252698, 34.055056], [-118.251081, 34.055241], [-118.24334, 34.050273], [-118.244727, 34.048517], [-118.2380610000001, 34.045538], [-118.239652, 34.01632], [-118.243237, 34.014286], [-118.243235, 34.014504], [-118.244521, 34.014669], [-118.244318, 34.015071], [-118.2467340000001, 34.015714], [-118.248678, 34.012405], [-118.252152, 34.013256], [-118.252155, 34.013687], [-118.256511, 34.013602], [-118.2563930000001, 33.960171], [-118.255899, 33.960169], [-118.2559300000001, 33.95306], [-118.2541, 33.951032], [-118.253533, 33.95126], [-118.2536400000001, 33.943277], [-118.254109, 33.943278], [-118.254269, 33.929383], [-118.253474, 33.928632], [-118.253804, 33.928184], [-118.2538140000001, 33.9273], [-118.2535500000001, 33.9273], [-118.253594, 33.923095], [-118.2773320000001, 33.923281], [-118.2775340000001, 33.922433], [-118.2782210000001, 33.922509], [-118.278226, 33.923218], [-118.280442, 33.923199], [-118.28038, 33.92372], [-118.291509, 33.923685], [-118.2915250000001, 33.930962], [-118.317752, 33.930679], [-118.317747, 33.970923], [-118.326471, 33.970909], [-118.32648, 33.967267], [-118.33303000000011, 33.967249], [-118.333024, 33.972696], [-118.335212, 33.972691], [-118.3352950000001, 33.974547], [-118.337594, 33.974401], [-118.347234, 33.970022], [-118.350406, 33.973817], [-118.352963, 33.975795], [-118.364993, 33.976863], [-118.364933, 33.974497], [-118.366785, 33.974558], [-118.3668200000001, 33.975692], [-118.370109, 33.9729], [-118.3700900000001, 33.968457], [-118.3711890000001, 33.968392], [-118.3808960000001, 33.974159], [-118.39765, 33.98207], [-118.398463, 33.983178], [-118.394895, 33.983854], [-118.3986680000001, 33.988015], [-118.401239, 33.986386], [-118.4062030000001, 33.989404], [-118.405149, 33.990501], [-118.407856, 33.992117], [-118.405887, 33.992982], [-118.4049550000001, 33.994302], [-118.4050330000001, 33.994595], [-118.402815, 33.995833], [-118.400984, 33.999122], [-118.401076, 33.999846], [-118.401594, 33.999959], [-118.400803, 34.001423], [-118.399816, 34.001606], [-118.402768, 34.003465], [-118.405889, 33.999236], [-118.409077, 34.001212], [-118.409643, 34.0005], [-118.41436, 34.003662], [-118.416058, 34.000499], [-118.418053, 33.999202], [-118.419674, 33.997608], [-118.431102, 33.996381], [-118.430182, 33.990125], [-118.429717, 33.989756], [-118.4308740000001, 33.989192], [-118.432463, 33.991453], [-118.437174, 33.995276], [-118.447023, 33.990519], [-118.448472, 33.993359], [-118.4447130000001, 33.994375], [-118.44335, 33.995317], [-118.442457, 33.993599], [-118.438447, 33.995673], [-118.439172, 33.99711], [-118.447792, 34.008322], [-118.449317, 34.00906], [-118.452103, 34.009223], [-118.453386, 34.008981], [-118.454787, 34.008271], [-118.455995, 34.00999]]]], "abbr": "ca", "boundary_id": "sldu/ca-30", "num_seats": 1, "id": "ca-upper-30", "bbox": [[33.922433, -118.455995], [34.064324, -118.2380610000001]]}