{"name": "21", "region": {"lon_delta": 1.7444700000001063, "center_lon": -118.02223900000004, "lat_delta": 0.5188459999999964, "center_lat": 34.563879}, "chamber": "upper", "shape": [[[[-118.893318, 34.817972], [-118.889341, 34.817663], [-118.881729, 34.817802], [-118.883452, 34.815967], [-118.884525, 34.813812], [-118.884695, 34.812413], [-118.884323, 34.810372], [-118.882837, 34.807972], [-118.877289, 34.803212], [-118.863108, 34.802984], [-118.854576, 34.803027], [-118.854253, 34.817772], [-118.8208120000001, 34.817475], [-118.765862, 34.817995], [-118.622653, 34.818288], [-118.587851, 34.818021], [-118.571879, 34.818025], [-118.5697140000001, 34.818255], [-118.5631180000001, 34.818025], [-118.55904, 34.818341], [-118.54727, 34.818431], [-118.489589, 34.81785], [-118.449131, 34.818344], [-118.440005, 34.818703], [-118.342412, 34.81943], [-118.308655, 34.820063], [-118.204107, 34.820159], [-118.13083, 34.820733], [-118.130847, 34.820938], [-118.125834, 34.821013], [-117.987678, 34.822625], [-117.88113200000011, 34.822517], [-117.7749330000001, 34.823302], [-117.738725, 34.823251], [-117.6672920000001, 34.822526], [-117.667848, 34.79072], [-117.667187, 34.767374], [-117.667087, 34.67552], [-117.665772, 34.676441], [-117.6629480000001, 34.677032], [-117.6584050000001, 34.677134], [-117.655666, 34.677602], [-117.647966, 34.677613], [-117.643115, 34.678244], [-117.640554, 34.6793], [-117.6341060000001, 34.679316], [-117.631965, 34.679102], [-117.625806, 34.675753], [-117.622125, 34.674176], [-117.616113, 34.675135], [-117.569947, 34.674753], [-117.5699620000001, 34.669292], [-117.568302, 34.669286], [-117.56769, 34.669439], [-117.566511, 34.671244], [-117.565222, 34.670518], [-117.563736, 34.672282], [-117.562683, 34.672663], [-117.5612480000001, 34.672665], [-117.561224, 34.674623], [-117.5590720000001, 34.674504], [-117.5562400000001, 34.674966], [-117.552694, 34.674771], [-117.549415, 34.675381], [-117.542913, 34.674411], [-117.542913, 34.670943], [-117.541773, 34.671187], [-117.541137, 34.672079], [-117.539415, 34.671445], [-117.539995, 34.670364], [-117.538105, 34.669714], [-117.537744, 34.670404], [-117.535961, 34.669748], [-117.535423, 34.670546], [-117.534532, 34.670886], [-117.531905, 34.670901], [-117.531896, 34.669988], [-117.527486, 34.669971], [-117.527502, 34.67089], [-117.521223, 34.67075], [-117.5110540000001, 34.671905], [-117.507552, 34.671671], [-117.5051870000001, 34.672304], [-117.499514, 34.671751], [-117.497187, 34.671891], [-117.493304, 34.67077], [-117.490477, 34.670868], [-117.4904740000001, 34.674465], [-117.427262, 34.675317], [-117.427293, 34.677471], [-117.418797, 34.676757], [-117.418695, 34.670881], [-117.417866, 34.670827], [-117.4178100000001, 34.675477], [-117.415148, 34.676347], [-117.411017, 34.676071], [-117.400958, 34.674304], [-117.376661, 34.674202], [-117.361834, 34.674781], [-117.36179, 34.662759], [-117.3685540000001, 34.662664], [-117.3685600000001, 34.659698], [-117.377996, 34.659731], [-117.377599, 34.656169], [-117.383164, 34.656136], [-117.383123, 34.652349], [-117.39199, 34.652343], [-117.391933, 34.645368], [-117.384691, 34.645489], [-117.370666, 34.644757], [-117.356383, 34.64466], [-117.356351, 34.627004], [-117.352993, 34.608503], [-117.3509090000001, 34.608487], [-117.349075, 34.601048], [-117.338636, 34.586932], [-117.338578, 34.58639], [-117.3315580000001, 34.586199], [-117.3313210000001, 34.587435], [-117.331692, 34.591219], [-117.332561, 34.59323], [-117.3250160000001, 34.593097], [-117.325068, 34.586212], [-117.29501, 34.585991], [-117.2950840000001, 34.587682], [-117.291427, 34.58717], [-117.2890560000001, 34.586078], [-117.2847440000001, 34.586267], [-117.283566, 34.587211], [-117.283272, 34.586098], [-117.270842, 34.586105], [-117.268588, 34.587599], [-117.2685610000001, 34.586513], [-117.269223, 34.58611], [-117.267323, 34.586111], [-117.2673120000001, 34.581831], [-117.261866, 34.58786], [-117.251506, 34.600991], [-117.206974, 34.601031], [-117.20675800000011, 34.607982], [-117.207018, 34.608475], [-117.207247, 34.637692], [-117.2225880000001, 34.63786], [-117.217818, 34.644173], [-117.215932, 34.647653], [-117.215133, 34.645652], [-117.1716810000001, 34.645076], [-117.1718130000001, 34.63067], [-117.171698, 34.62397], [-117.1713780000001, 34.623142], [-117.171724, 34.623021], [-117.1718400000001, 34.616586], [-117.17144, 34.57161], [-117.153772, 34.571469], [-117.153898, 34.556815], [-117.1556960000001, 34.556823], [-117.155629, 34.553414], [-117.150037, 34.55343], [-117.150004, 34.551641], [-117.1556170000001, 34.551575], [-117.1552750000001, 34.493378], [-117.1552240000001, 34.490246], [-117.154936, 34.489864], [-117.155401, 34.487897], [-117.155169, 34.486325], [-117.155193, 34.464389], [-117.172692, 34.464436], [-117.172489, 34.435344], [-117.189977, 34.435272], [-117.189939, 34.428051], [-117.207435, 34.42803], [-117.207616, 34.442545], [-117.23183, 34.442318], [-117.23183, 34.44013], [-117.230003, 34.440177], [-117.229934, 34.436755], [-117.233853, 34.436765], [-117.233864, 34.435061], [-117.237238, 34.434978], [-117.2374200000001, 34.428539], [-117.234737, 34.422271], [-117.234151, 34.421543], [-117.233729, 34.41869], [-117.2344080000001, 34.417896], [-117.234682, 34.41506], [-117.235139, 34.413742], [-117.234701, 34.412121], [-117.234862, 34.411467], [-117.238041, 34.402657], [-117.241749, 34.397856], [-117.241654, 34.387639], [-117.242114, 34.381881], [-117.241814, 34.368283], [-117.263196, 34.368404], [-117.263365, 34.357817], [-117.254076, 34.357771], [-117.25395, 34.354599], [-117.252662, 34.354669], [-117.2525640000001, 34.350412], [-117.248001, 34.350535], [-117.247988, 34.347819], [-117.248289, 34.346775], [-117.248994, 34.345951], [-117.25158, 34.344375], [-117.263197, 34.344407], [-117.263169, 34.3456], [-117.264696, 34.34561], [-117.2646850000001, 34.344417], [-117.270479, 34.344455], [-117.270353, 34.340963], [-117.283384, 34.340876], [-117.283455, 34.337045], [-117.288133, 34.337075], [-117.288098, 34.333328], [-117.275119, 34.333315], [-117.2751990000001, 34.325531], [-117.269381, 34.326], [-117.267577, 34.325612], [-117.267539, 34.327445], [-117.266312, 34.327431], [-117.266316, 34.325717], [-117.258379, 34.325713], [-117.256351, 34.328524], [-117.2518010000001, 34.328501], [-117.250679, 34.33189], [-117.247975, 34.33186], [-117.247956, 34.325986], [-117.257244, 34.32573], [-117.257242, 34.311237], [-117.2919650000001, 34.310971], [-117.291891, 34.307606], [-117.308898, 34.307699], [-117.309077, 34.311116], [-117.311765, 34.311135], [-117.3098410000001, 34.313079], [-117.309658, 34.315718], [-117.310867, 34.315797], [-117.313073, 34.315726], [-117.314263, 34.313942], [-117.31423, 34.311152], [-117.320404, 34.311157], [-117.328297, 34.307537], [-117.336066, 34.307464], [-117.336175, 34.311103], [-117.345809, 34.311088], [-117.345917, 34.310369], [-117.345548, 34.309366], [-117.351232, 34.309262], [-117.351319, 34.314031], [-117.363992, 34.315806], [-117.363873, 34.30483], [-117.38461, 34.304456], [-117.38467, 34.308015], [-117.3801, 34.308125], [-117.380022, 34.311003], [-117.378322, 34.310987], [-117.378414, 34.312854], [-117.376269, 34.312886], [-117.3763150000001, 34.314559], [-117.376617, 34.314533], [-117.376582, 34.318966], [-117.38002, 34.31956], [-117.3799960000001, 34.322341], [-117.37664, 34.322338], [-117.376678, 34.323443], [-117.375713, 34.323483], [-117.375643, 34.325889], [-117.37467, 34.325877], [-117.37466, 34.326585], [-117.373531, 34.326583], [-117.37355, 34.327474], [-117.372323, 34.327501], [-117.372323, 34.325824], [-117.371153, 34.325828], [-117.371213, 34.322307], [-117.370205, 34.322327], [-117.3702210000001, 34.321539], [-117.363929, 34.321551], [-117.363833, 34.325024], [-117.355911, 34.325109], [-117.355987, 34.329542], [-117.351453, 34.329701], [-117.3514380000001, 34.336342], [-117.333511, 34.336384], [-117.33425, 34.340282], [-117.329536, 34.340584], [-117.329516, 34.343984], [-117.324663, 34.343966], [-117.3245380000001, 34.347282], 