{"name": "24", "region": {"lon_delta": 0.19721100000001002, "center_lon": -118.2252515, "lat_delta": 0.14357900000000257, "center_lat": 34.0798365}, "chamber": "upper", "shape": [[[[-118.3230750000001, 34.054491], [-118.319083, 34.061726], [-118.322859, 34.061812], [-118.322871, 34.069109], [-118.3206040000001, 34.073441], [-118.3206160000001, 34.076204], [-118.322667, 34.076201], [-118.3226930000001, 34.083499], [-118.322247, 34.0835], [-118.322292, 34.098021], [-118.314596, 34.098069], [-118.31672, 34.101685], [-118.310706, 34.101724], [-118.310728, 34.105379], [-118.291782, 34.105409], [-118.291789, 34.107676], [-118.285237, 34.107691], [-118.285243, 34.112295], [-118.27748, 34.113603], [-118.272572, 34.116003], [-118.271681, 34.117003], [-118.2703850000001, 34.115162], [-118.267271, 34.112279], [-118.266094, 34.112797], [-118.264501, 34.11485], [-118.257445, 34.121366], [-118.254258, 34.118761], [-118.251133, 34.120947], [-118.2536400000001, 34.123303], [-118.253265, 34.124449], [-118.235238, 34.12672], [-118.235312, 34.127602], [-118.236019, 34.12883], [-118.236608, 34.132715], [-118.236273, 34.134498], [-118.233605, 34.13451], [-118.233598, 34.1356], [-118.227751, 34.135601], [-118.227877, 34.138084], [-118.2291490000001, 34.138079], [-118.229156, 34.139073], [-118.228784, 34.139073], [-118.2287740000001, 34.146032], [-118.228577, 34.145881], [-118.228237, 34.146447], [-118.228602, 34.146886], [-118.228084, 34.146721], [-118.227452, 34.147755], [-118.227004, 34.147628], [-118.2269390000001, 34.14861], [-118.226231, 34.149789], [-118.224967, 34.149363], [-118.222455, 34.149254], [-118.221987, 34.148859], [-118.2194360000001, 34.148275], [-118.219179, 34.147514], [-118.211614, 34.147176], [-118.210972, 34.14622], [-118.2087740000001, 34.146507], [-118.207723, 34.147247], [-118.205432, 34.147431], [-118.204229, 34.149279], [-118.202701, 34.150633], [-118.1989200000001, 34.151154], [-118.198191, 34.151626], [-118.198195, 34.149045], [-118.183878, 34.149081], [-118.184561, 34.145401], [-118.182301, 34.143734], [-118.182206, 34.143061], [-118.180376, 34.141232], [-118.1807110000001, 34.140806], [-118.18107, 34.140993], [-118.182516, 34.14034], [-118.183236, 34.139621], [-118.1846800000001, 34.139521], [-118.185678, 34.138875], [-118.185395, 34.138841], [-118.1855240000001, 34.137335], [-118.185885, 34.137306], [-118.185887, 34.136183], [-118.185206, 34.136068], [-118.1860970000001, 34.133732], [-118.182817, 34.131211], [-118.18258, 34.129186], [-118.18134, 34.129498], [-118.181438, 34.128196], [-118.180896, 34.128331], [-118.180193, 34.126425], [-118.177677, 34.126645], [-118.177787, 34.126826], [-118.1765410000001, 34.126624], [-118.176955, 34.123141], [-118.172804, 34.124771], [-118.172375, 34.126032], [-118.1704340000001, 34.126931], [-118.167221, 34.125885], [-118.166195, 34.126158], [-118.165786, 34.125554], [-118.167592, 34.124967], [-118.168454, 34.123914], [-118.1680530000001, 34.123923], [-118.167472, 34.121105], [-118.16794, 34.120333], [-118.1688900000001, 34.119924], [-118.168866, 34.117843], [-118.172758, 34.113627], [-118.173701, 34.113198], [-118.175457, 34.113151], [-118.175631, 34.112627], [-118.176993, 34.112198], [-118.177021, 34.110928], [-118.177414, 34.110828], [-118.177237, 34.110458], [-118.1779930000001, 34.110323], [-118.177994, 34.098595], [-118.15529, 34.098672], [-118.155463, 34.097515], [-118.1561530000001, 34.096543], [-118.1606600000001, 34.093441], [-118.160496, 34.075131], [-118.161761, 34.074635], [-118.161562, 34.072821], [-118.161767, 34.07103], [-118.1626600000001, 34.069859], [-118.162467, 34.069688], [-118.164522, 34.06564], [-118.165293, 34.062298], [-118.169259, 34.06229], [-118.169272, 34.048354], [-118.168062, 34.048353], [-118.1682210000001, 34.046924], [-118.169027, 34.045787], [-118.169594, 34.044197], [-118.157164, 34.044261], [-118.1572800000001, 34.03626], [-118.154054, 34.035974], [-118.153217, 34.035559], [-118.151686, 34.034015], [-118.15018, 34.034698], [-118.1474350000001, 34.033436], [-118.14416, 34.033463], [-118.144109, 34.032334], [-118.14286, 34.032211], [-118.142855, 34.030826], [-118.143846, 34.03087], [-118.143803, 34.030395], [-118.142854, 34.030399], [-118.142838, 34.027238], [-118.143607, 34.026206], [-118.1428290000001, 34.025749], [-118.142806, 34.024745], [-118.143357, 34.023936], [-118.1301550000001, 34.01597], [-118.130376, 34.015243], [-118.130756, 34.015234], [-118.1309480000001, 34.014729], [-118.130809, 34.013981], [-118.126646, 34.013109], [-118.127398, 34.008747], [-118.127569, 34.008047], [-118.1476920000001, 34.009781], [-118.147163, 34.013396], [-118.146648, 34.013386], [-118.1465210000001, 34.013822], [-118.146536, 34.01427], [-118.1470050000001, 34.014322], [-118.146584, 34.017716], [-118.146138, 34.017611], [-118.146238, 34.018076], [-118.15365, 34.01963], [-118.1586580000001, 34.010719], [-118.175897, 34.018273], [-118.175905, 34.011534], [-118.181237, 34.012036], [-118.181293, 34.015784], [-118.1871720000001, 34.015853], [-118.1871780000001, 34.016563], [-118.192231, 34.016546], [-118.192219, 34.01508], [-118.191436, 34.015084], [-118.191416, 34.012859], [-118.201606, 34.013747], [-118.2050600000001, 34.014519], [-118.205026, 34.012626], [-118.207041, 34.012777], [-118.208166, 34.015006], [-118.212701, 34.014989], [-118.212698, 34.014295], [-118.217282, 34.015636], [-118.217155, 34.014969], [-118.223232, 34.014941], [-118.223395, 34.015369], [-118.223705, 34.015363], [-118.223692, 34.014942], [-118.225696, 34.014937], [-118.225707, 34.015319], [-118.2275010000001, 34.015281], [-118.2276990000001, 34.014829], [-118.2397080000001, 34.014713], [-118.2380610000001, 34.045538], [-118.244727, 34.048517], [-118.24334, 34.050273], [-118.251081, 34.055241], [-118.252698, 34.055056], [-118.253401, 34.054434], [-118.255897, 34.056087], [-118.259652, 34.052097], [-118.2704030000001, 34.045424], [-118.272749, 34.042761], [-118.282696, 34.047253], [-118.284128, 34.047283], [-118.284009, 34.037034], [-118.286643, 34.036784], [-118.310667, 34.037054], [-118.317685, 34.036589], [-118.317705, 34.046631], [-118.316266, 34.050247], [-118.320078, 34.051341], [-118.323178, 34.051778], [-118.3227200000001, 34.052635], [-118.323857, 34.053066], [-118.3230750000001, 34.054491]]]], "abbr": "ca", "boundary_id": "sldu/ca-24", "num_seats": 1, "id": "ca-upper-24", "bbox": [[34.008047, -118.323857], [34.151626, -118.126646]]}