{"name": "37", "region": {"lon_delta": 0.5291179999998974, "center_lon": -117.80578100000005, "lat_delta": 0.45999599999999674, "center_lat": 33.648973}, "chamber": "upper", "shape": [[[[-118.07034, 33.635962], [-118.034286, 33.671683], [-118.032133, 33.679231], [-118.03218, 33.68018], [-118.0309400000001, 33.68107], [-118.0229, 33.68382], [-118.0188600000001, 33.68707], [-118.01485, 33.68655], [-118.015032, 33.697017], [-118.00851, 33.69659], [-118.00845, 33.69734], [-118.00642, 33.69739], [-118.00648, 33.70102], [-118.00401, 33.7012], [-118.0032000000001, 33.70057], [-118.00163, 33.7011], [-117.98035, 33.70121], [-117.98012, 33.686783], [-117.94044, 33.68681], [-117.93951200000011, 33.687083], [-117.934796, 33.695385], [-117.930693, 33.701862], [-117.91966, 33.70195], [-117.91958, 33.69559], [-117.9078300000001, 33.69568], [-117.907827, 33.696071], [-117.904498, 33.69629], [-117.89217, 33.69652], [-117.8921600000001, 33.69412], [-117.86822, 33.69408], [-117.86809, 33.69271], [-117.86753, 33.691631], [-117.8637090000001, 33.695805], [-117.862758, 33.696057], [-117.8618840000001, 33.697049], [-117.85978, 33.69724], [-117.85922, 33.69702], [-117.86031, 33.69839], [-117.860036, 33.699355], [-117.855399, 33.704674], [-117.848728, 33.700077], [-117.83764, 33.71126], [-117.84195, 33.71424], [-117.844375, 33.715406], [-117.83849, 33.721278], [-117.834268, 33.726215], [-117.834549, 33.726566], [-117.8340390000001, 33.727609], [-117.83353, 33.73384], [-117.842514, 33.73377], [-117.842412, 33.736527], [-117.84204, 33.736564], [-117.842118, 33.738576], [-117.843942, 33.738572], [-117.84378, 33.74196], [-117.83986, 33.74201], [-117.840304, 33.743475], [-117.83729, 33.74204], [-117.8373260000001, 33.743536], [-117.833617, 33.743562], [-117.833759, 33.744358], [-117.834106, 33.744397], [-117.83412, 33.74561], [-117.835037, 33.745602], [-117.83504, 33.745987], [-117.83413, 33.745993], [-117.834131, 33.747327], [-117.831935, 33.747378], [-117.831854, 33.750036], [-117.8313940000001, 33.750038], [-117.831099, 33.756256], [-117.830326, 33.758123], [-117.830245, 33.759854], [-117.831384, 33.759861], [-117.831524, 33.761216], [-117.831521, 33.773262], [-117.839385, 33.773252], [-117.839316, 33.774888], [-117.835742, 33.775108], [-117.835741, 33.775505], [-117.837532, 33.776192], [-117.840505, 33.776444], [-117.840784, 33.776946], [-117.844434, 33.776794], [-117.847859, 33.775668], [-117.848011, 33.775059], [-117.849163, 33.774871], [-117.853128, 33.775159], [-117.857394, 33.777189], [-117.859581, 33.77595], [-117.86731, 33.775707], [-117.867293, 33.778169], [-117.8721220000001, 33.778268], [-117.871957, 33.778511], [-117.874428, 33.779312], [-117.878563, 33.781974], [-117.879761, 33.783995], [-117.879847, 33.790427], [-117.879587, 33.79171], [-117.877775, 33.795774], [-117.876586, 33.795776], [-117.8770640000001, 33.79614], [-117.877421, 33.798734], [-117.87798, 33.800148], [-117.8769110000001, 33.802185], [-117.879423, 33.802888], [-117.8800360000001, 33.805373], [-117.87973, 33.807564], [-117.876778, 33.815601], [-117.876076, 33.818892], [-117.875795, 33.849608], [-117.8850570000001, 33.853484], [-117.868801, 33.857738], [-117.869397, 33.859422], [-117.870426, 33.859167], [-117.871055, 33.860903], [-117.870019, 33.86114], [-117.870331, 33.862025], [-117.866178, 33.863095], [-117.865817, 33.862202], [-117.861705, 33.863303], [-117.862451, 33.865002], [-117.867065, 33.863781], [-117.867672, 33.867122], [-117.8651020000001, 33.867715], [-117.865207, 33.86846], [-117.8493100000001, 33.868236], [-117.846548, 33.868665], [-117.845494, 33.868592], [-117.845378, 33.868161], [-117.8371070000001, 33.868172], [-117.8370560000001, 33.864167], [-117.831262, 33.864233], [-117.831236, 33.862113], [-117.8283490000001, 33.862132], [-117.828315, 33.861018], [-117.823412, 33.860904], [-117.82342, 33.86202], [-117.818433, 33.862044], [-117.818506, 33.867537], [-117.81758, 33.86961], [-117.8143850000001, 33.870783], [-117.813599, 33.870679], [-117.813562, 33.870349], [-117.80606, 33.87195], [-117.804473, 33.873373], [-117.8046810000001, 33.87349], [-117.8042690000001, 33.873998], [-117.8035370000001, 33.873622], [-117.802911, 33.873979], [-117.798354, 33.871236], [-117.7982920000001, 33.870472], [-117.795099, 33.868549], [-117.79537, 33.867726], [-117.794309, 33.866339], [-117.79323, 33.865617], [-117.791139, 33.865599], [-117.7902600000001, 33.86235], [-117.78527, 33.86256], [-117.7816100000001, 33.8633], [-117.7786700000001, 33.86449], [-117.777568, 33.865305], [-117.7719400000001, 33.8712], [-117.76893, 33.87304], [-117.76523, 33.87404], [-117.75917, 33.87474], [-117.749871, 33.877372], [-117.746197, 33.878971], [-117.746122, 33.877541], [-117.748635, 33.876319], [-117.749405, 33.874615], [-117.746901, 33.873455], [-117.744484, 33.8703], [-117.740259, 33.870968], [-117.736081, 33.870794], [-117.7242090000001, 33.866949], [-117.715759, 33.866146], [-117.712464, 33.866427], [-117.709946, 33.867325], [-117.6976200000001, 33.87302], [-117.69493, 33.87361], [-117.6914, 33.87339], [-117.687112, 33.871571], [-117.68699, 33.87177], [-117.6878980000001, 33.872142], [-117.687467, 33.872568], [-117.683766, 33.870774], [-117.6840430000001, 33.87121], [-117.679476, 33.869591], [-117.6756210000001, 33.86922], [-117.672838, 33.86991], [-117.672497, 33.869432], [-117.675053, 33.868725], [-117.6742820000001, 33.857956], [-117.662117, 33.857499], [-117.637364, 33.830768], [-117.6076390000001, 33.797731], [-117.580789, 33.769477], [-117.580136, 33.767988], [-117.569069, 33.764574], [-117.542265, 33.758801], [-117.5412220000001, 33.758173], [-117.571022, 33.757831], [-117.591503, 33.758273], [-117.5919690000001, 33.756405], [-117.592719, 33.755336], [-117.5927080000001, 33.753704], [-117.592024, 33.752908], [-117.591817, 33.751743], [-117.591341, 33.752078], [-117.59087, 33.753146], [-117.590548, 33.752848], [-117.590697, 33.751215], [-117.591169, 33.750347], [-117.590212, 33.750351], [-117.589501, 33.751221], [-117.588813, 33.749792], [-117.58893, 33.749425], [-117.589249, 33.749423], [-117.589046, 33.748925], [-117.588209, 33.748962], [-117.587857, 33.749996], [-117.587657, 33.749931], [-117.587044, 33.747735], [-117.58653, 33.748271], [-117.5862610000001, 33.749771], [-117.584893, 33.747978], [-117.5833460000001, 33.748406], [-117.582874, 33.748016], [-117.5841900000001, 33.74646], [-117.5856100000001, 33.74563], [-117.58696, 33.74617], [-117.58874, 33.74624], [-117.58979, 33.74601], [-117.59745, 33.74622], [-117.59826, 33.74592], [-117.5998600000001, 33.74662], [-117.60126, 33.74586], [-117.60391, 33.74635], [-117.6070600000001, 33.74627], [-117.60851, 33.74583], [-117.60954, 33.74637], [-117.61119, 33.74649], [-117.6138030000001, 33.74761], [-117.618381, 33.746371], [-117.6225, 33.746456], [-117.62326, 33.746582], [-117.623412, 33.747136], [-117.62559, 33.74688], [-117.62789000000011, 33.74613], [-117.63241, 33.74726], [-117.6341900000001, 33.74649], [-117.63581, 33.74648], [-117.6405100000001, 33.74812], [-117.6420600000001, 33.74786], [-117.645809, 33.746129], [-117.6494280000001, 33.745989], [-117.65239, 33.74523], [-117.651459, 33.743794], [-117.65291, 33.743045], [-117.652001, 33.74216], [-117.649786, 33.735955], [-117.651347, 33.735952], [-117.6541380000001, 33.734733], [-117.65174, 33.73253], [-117.65092, 33.73076], [-117.64849, 33.72397], [-117.64821, 33.72157], [-117.64628, 33.71774], [-117.6462, 33.71541], [-117.64522, 33.71292], [-117.6448210000001, 33.71061], [-117.642151, 33.706341], [-117.641724, 33.70224], [-117.63917, 33.69948], [-117.63786, 33.69881], [-117.63430000000011, 33.69789], [-117.63198, 33.69534], [-117.62885, 33.69339], [-117.626848, 33.691175], [-117.626045, 33.689778], [-117.625725, 33.688468], [-117.62266, 33.688958], [-117.62183, 33.68834], [-117.62118, 33.68729], [-117.62056, 33.68327], [-117.622559, 33.678169], [-117.623032, 33.67524], [-117.624573, 33.672249], [-117.6252520000001, 33.671471], [-117.637695, 33.662788], [-117.642418, 33.662048], [-117.641853, 